date,open,high,low,close,volume
2020-09-30,10.000000,11.410000,9.110000,9.500000,338584400
2020-10-01,9.690000,10.100000,9.230000,9.460000,124297600
2020-10-02,9.060000,9.280000,8.940000,9.200000,55018300
2020-10-05,9.430000,9.490000,8.920000,9.030000,36316900
2020-10-06,9.040000,10.180000,8.900000,9.900000,90864000
2020-10-07,10.040000,10.490000,9.990000,10.000000,54672400
2020-10-08,10.290000,10.400000,9.990000,10.000000,34989200
2020-10-09,10.130000,10.190000,9.890000,9.950000,19653500
2020-10-12,10.040000,10.050000,9.660000,9.890000,20623600
2020-10-13,9.880000,9.880000,9.410000,9.470000,21847200
2020-10-14,9.600000,9.660000,9.290000,9.340000,13652600
2020-10-15,9.270000,9.910000,9.180000,9.910000,12924100
2020-10-16,9.940000,9.950000,9.660000,9.710000,11142500
2020-10-19,9.790000,9.820000,9.530000,9.570000,9126400
2020-10-20,9.600000,9.660000,9.270000,9.270000,11138200
2020-10-21,9.300000,9.480000,9.200000,9.200000,9190000
2020-10-22,9.370000,9.750000,9.220000,9.680000,17928600
2020-10-23,9.710000,9.830000,9.470000,9.490000,12618000
2020-10-26,9.720000,9.970000,9.600000,9.950000,23767300
2020-10-27,10.000000,11.040000,9.920000,10.950000,53695900
2020-10-28,10.660000,10.985000,10.100000,10.850000,30941700
2020-10-29,10.900000,11.100000,10.560000,10.750000,20515700
2020-10-30,10.610000,10.680000,9.850000,10.130000,19705500
2020-11-02,10.230000,10.570000,10.230000,10.540000,11677800
2020-11-03,10.570000,10.940000,10.440000,10.500000,21652800
2020-11-04,10.820000,10.920000,10.550000,10.720000,15783400
2020-11-05,10.900000,12.130000,10.850000,11.880000,48560400
2020-11-06,12.220000,14.960000,12.050000,13.830000,89977600
2020-11-09,14.960000,15.900000,14.110000,14.670000,60099000
2020-11-10,14.990000,15.010000,13.180000,14.000000,38078700
2020-11-11,14.570000,15.970000,14.400000,15.960000,47027900
2020-11-12,16.660000,17.059999,14.410000,14.580000,97904000
2020-11-13,14.490000,16.000000,14.490000,15.800000,76354800
2020-11-16,15.960000,16.100000,15.010000,15.930000,65326000
2020-11-17,16.290001,18.750000,16.180000,17.850000,116618500
2020-11-18,18.280001,19.250000,17.540001,17.900000,89957900
2020-11-19,18.500000,18.980000,17.959999,18.980000,56225400
2020-11-20,19.030001,19.660000,18.000000,18.150000,72104000
2020-11-23,18.629999,21.450001,18.570000,21.040001,84716300
2020-11-24,22.350000,24.270000,20.629999,23.820000,115468800
2020-11-25,23.959999,29.750000,23.690001,29.049999,202563700
2020-11-27,31.190001,33.500000,26.120001,27.660000,207834000
2020-11-30,28.240000,30.150000,24.110001,27.110001,137243000
2020-12-01,28.090000,28.139999,24.450001,25.670000,84050000
2020-12-02,22.240000,23.400000,21.150000,22.510000,149062100
2020-12-03,23.549999,25.620001,23.500000,24.030001,85634300
2020-12-04,24.879999,25.240000,23.510000,23.850000,56044100
2020-12-07,24.440001,29.000000,24.440001,28.940001,118463700
2020-12-08,30.629999,31.240000,27.250000,28.590000,124754300
2020-12-09,28.680000,28.850000,25.330000,26.629999,79634700
2020-12-10,25.541000,28.040001,25.150000,27.040001,57774800
2020-12-11,27.150000,28.270000,26.059999,27.200001,52764400
2020-12-14,28.260000,28.260000,26.730000,27.240000,44734500
2020-12-15,26.820000,27.100000,25.520000,26.430000,49273200
2020-12-16,25.709999,26.160000,25.110001,25.920000,44013400
2020-12-17,26.520000,27.450001,26.049999,27.230000,53829800
2020-12-18,26.270000,26.850000,25.799999,25.969999,71042900
2020-12-21,26.190001,28.700001,25.400000,28.510000,76729100
2020-12-22,29.030001,29.420000,26.820000,28.040001,66033100
2020-12-23,28.950001,29.389999,28.049999,28.690001,58772200
2020-12-24,28.798000,29.160000,27.520000,27.750000,26306800
2020-12-28,28.389999,28.590000,25.400000,25.629999,55878700
2020-12-29,25.750000,26.181999,24.340000,24.660000,47302400
2020-12-30,24.969999,25.910000,24.629999,25.100000,34586700
2020-12-31,24.629999,24.719999,23.520000,23.549999,39922500
2021-01-04,23.910000,24.500000,22.500000,23.370001,44970400
2021-01-05,23.180000,24.670000,22.889999,24.600000,29050400
2021-01-06,24.120001,24.459999,23.250000,23.540001,32732900
2021-01-07,24.020000,25.190001,23.670000,25.000000,32240000
2021-01-08,25.700001,26.440001,24.700001,25.200001,41313800
2021-01-11,24.610001,26.600000,24.309999,25.930000,32609000
2021-01-12,26.340000,26.420000,25.510000,26.180000,26887200
2021-01-13,25.709999,27.430000,25.129999,25.500000,51216600
2021-01-14,25.450001,25.620001,24.370001,24.920000,32908000
2021-01-15,26.260000,28.000000,25.459999,25.639999,92285500
2021-01-19,26.809999,27.540001,26.000000,26.620001,48675800
2021-01-20,27.290001,27.299999,25.700001,26.340000,37459000
2021-01-21,26.420000,26.680000,25.299999,25.980000,29891400
2021-01-22,25.850000,32.650002,25.820000,32.580002,156844700
2021-01-25,34.459999,39.580002,29.559999,36.230000,191345300
2021-01-26,35.139999,36.869999,34.320000,35.369999,65870000
2021-01-27,32.970001,45.000000,32.250000,39.000000,170758800
2021-01-28,39.540001,42.000000,33.099998,35.660000,85250700
2021-01-29,36.610001,38.009998,34.660000,35.180000,42030900
2021-02-01,35.330002,35.619999,32.580002,33.959999,43460900
2021-02-02,34.099998,34.200001,30.500000,31.020000,69647900
2021-02-03,32.389999,32.950001,31.379999,31.760000,35312000
2021-02-04,32.580002,33.180000,31.049999,32.049999,31565000
2021-02-05,32.610001,35.200001,31.750000,34.049999,62375300
2021-02-08,37.220001,39.220001,35.889999,36.049999,72376000
2021-02-09,36.900002,38.255001,36.130001,38.169998,44243200
2021-02-10,38.150002,38.240002,35.000000,35.700001,45177200
2021-02-11,35.790001,35.980000,32.610001,33.110001,52094900
2021-02-12,33.360001,33.650002,31.340000,31.910000,60925600
2021-02-16,30.020000,30.440001,27.299999,27.840000,180294300
2021-02-17,27.990000,29.730000,27.000000,27.080000,151007000
2021-02-18,24.990000,26.309999,24.500000,25.170000,313175100
2021-02-19,27.020000,29.959999,26.900000,29.000000,320063700
2021-02-22,29.959999,30.190001,27.535999,28.000000,183049500
2021-02-23,25.959999,27.459999,23.900000,26.750000,145289400
2021-02-24,26.709999,27.230000,25.750000,26.389999,90095700
2021-02-25,25.820000,26.440001,23.150000,23.959999,161776400
2021-02-26,24.200001,24.500000,22.700001,23.900000,119588600
2021-03-01,25.190001,25.900000,24.620001,24.809999,85059900
2021-03-02,25.000000,25.590000,24.260000,24.480000,73997000
2021-03-03,24.990000,25.167999,23.430000,23.590000,79046200
2021-03-04,24.850000,25.559999,23.049999,24.730000,161611200
2021-03-05,24.360001,24.680000,20.180000,23.950001,173468600
2021-03-08,23.770000,24.580000,22.400000,22.520000,94432800
2021-03-09,23.379999,24.740000,23.100000,24.260000,99586500
2021-03-10,25.030001,26.240000,24.270000,24.750000,103212800
2021-03-11,25.950001,26.840000,25.580000,26.730000,84788700
2021-03-12,25.740000,26.920000,25.180000,26.920000,58721900
2021-03-15,27.350000,27.469999,26.309999,26.790001,56101500
2021-03-16,26.750000,27.100000,25.230000,25.610001,73615100
2021-03-17,24.520000,25.730000,24.299999,25.209999,77081700
2021-03-18,24.730000,25.180000,23.780001,23.980000,57141400
2021-03-19,24.010000,24.570000,23.389999,24.320000,57915900
2021-03-22,24.889999,24.920000,23.860001,24.219999,46208100
2021-03-23,24.000000,24.105000,23.100000,23.260000,50169700
2021-03-24,23.299999,23.485001,21.750000,21.879999,69271900
2021-03-25,21.200001,22.799999,21.049999,22.580000,74592600
2021-03-26,22.629999,23.049999,21.760000,22.580000,57916400
2021-03-29,22.480000,22.500000,21.389999,21.730000,57647400
2021-03-30,21.360001,22.090000,20.860001,22.040001,52039700
2021-03-31,22.500000,23.850000,22.379999,23.290001,61458500
2021-04-01,23.950001,23.950001,22.730000,23.070000,51788800
2021-04-05,23.780001,24.450001,23.340000,23.440001,65374300
2021-04-06,23.549999,23.610001,22.830000,23.270000,41933500
2021-04-07,23.000000,23.549999,22.809999,22.900000,32766200
2021-04-08,23.200001,23.600000,22.740000,23.410000,35905500
2021-04-09,23.459999,24.350000,23.370001,24.040001,54082700
2021-04-12,24.520000,24.549999,22.730000,23.340000,68620800
2021-04-13,23.190001,25.659000,23.120001,25.420000,83913500
2021-04-14,25.350000,26.200001,23.650000,23.700001,108793800
2021-04-15,24.010000,24.059999,22.690001,23.150000,58849300
2021-04-16,22.860001,23.260000,22.299999,22.469999,46627700
2021-04-19,22.150000,22.330000,21.530001,21.940001,45753900
2021-04-20,21.959999,22.549999,21.240000,21.780001,47123100
2021-04-21,21.650000,22.639999,21.430000,22.629999,42641400
2021-04-22,22.940001,23.510000,22.510000,22.860001,51346400
2021-04-23,22.889999,23.549999,22.740000,23.410000,32052800
2021-04-26,23.690001,24.260000,23.459999,24.110001,33667600
2021-04-27,24.170000,24.260000,23.570000,23.879999,27678300
2021-04-28,23.670000,24.170000,23.420000,23.850000,22068100
2021-04-29,23.870001,24.139999,22.809999,23.370001,36770100
2021-04-30,23.180000,23.549999,22.840000,23.040001,24717300
2021-05-03,23.010000,23.080000,22.209999,22.299999,33934400
2021-05-04,21.940001,22.200001,20.870001,21.639999,63429600
2021-05-05,21.809999,21.940001,20.969999,21.150000,39134700
2021-05-06,21.020000,21.020000,19.410000,20.090000,92201100
2021-05-07,20.299999,20.750000,19.580000,19.750000,63725500
2021-05-10,19.280001,19.299999,18.180000,18.469999,104670500
2021-05-11,17.200001,20.299999,17.055000,20.209999,203230500
2021-05-12,20.000000,20.000000,18.510000,18.889999,128281500
2021-05-13,19.139999,19.469999,17.820000,18.370001,87811600
2021-05-14,18.820000,20.200001,18.530001,20.080000,79409500
2021-05-17,19.730000,20.490000,19.629999,20.459999,50039600
2021-05-18,20.520000,21.620001,20.260000,21.240000,59672400
2021-05-19,20.100000,21.035000,19.940001,20.670000,45314000
2021-05-20,20.750000,20.809999,20.280001,20.610001,46302400
2021-05-21,20.840000,21.160000,20.469999,20.750000,35372900
2021-05-24,21.059999,21.520000,20.674999,21.219999,46596800
2021-05-25,21.420000,22.110001,21.280001,21.480000,49890800
2021-05-26,21.580000,22.240000,21.490000,22.120001,42958300
2021-05-27,22.010000,22.700001,21.650000,22.700001,76230500
2021-05-28,23.000000,24.750000,22.760000,22.950001,111846000
2021-06-01,23.190001,23.350000,22.360001,23.059999,52695500
2021-06-02,23.020000,24.840000,22.820000,24.450001,86473200
2021-06-03,24.139999,24.260000,23.340000,23.629999,48164200
2021-06-04,23.709999,24.490000,23.500000,24.030001,42537600
2021-06-07,24.000000,24.760000,23.790001,24.459999,49641000
2021-06-08,24.850000,25.230000,23.930000,24.379999,53488600
2021-06-09,24.450001,24.740000,24.170000,24.170000,36006200
2021-06-10,24.000000,24.389999,23.440001,24.139999,35482900
2021-06-11,24.120001,24.709999,24.030001,24.670000,33113100
2021-06-14,24.730000,25.150000,24.469999,25.000000,51801500
2021-06-15,25.030001,25.549999,24.389999,24.410000,46693200
2021-06-16,24.090000,24.940001,23.860001,24.799999,58452600
2021-06-17,24.680000,25.459999,24.549999,25.450001,64408400
2021-06-18,25.590000,25.940001,25.020000,25.370001,65852600
2021-06-21,25.100000,25.549999,24.510000,25.420000,54805000
2021-06-22,25.389999,25.520000,24.959999,25.400000,46171100
2021-06-23,25.459999,26.350000,25.340000,26.270000,53362200
2021-06-24,26.490000,26.709999,26.170000,26.530001,48419400
2021-06-25,26.580000,27.010000,26.245001,26.780001,140832700
2021-06-28,26.980000,27.500000,26.860001,27.379999,42184600
2021-06-29,27.379999,27.440001,26.440001,26.629999,38478900
2021-06-30,26.480000,26.920000,26.209999,26.360001,28957100
2021-07-01,26.100000,26.129999,24.590000,24.719999,55429800
2021-07-02,25.000000,25.340000,24.330000,24.440001,29389500
2021-07-06,24.600000,25.200001,24.469999,24.680000,28764500
2021-07-07,24.230000,24.260000,22.719999,22.889999,66937300
2021-07-08,22.430000,23.209999,22.250000,23.080000,34612600
2021-07-09,22.959999,23.389999,22.760000,23.290001,22492400
2021-07-12,23.260000,23.495001,22.879999,22.950001,23457200
2021-07-13,22.980000,22.990000,22.420000,22.450001,24748800
2021-07-14,22.490000,22.620001,21.510000,21.559999,33796200
2021-07-15,21.719999,22.055000,21.010000,21.469999,31871000
2021-07-16,21.600000,21.709999,21.240000,21.370001,19503100
2021-07-19,20.969999,21.690001,20.549999,21.540001,30314400
2021-07-20,21.629999,22.350000,21.219999,22.180000,22954000
2021-07-21,22.270000,22.680000,22.120001,22.520000,20437300
2021-07-22,22.549999,22.670000,21.879999,22.070000,17468900
2021-07-23,22.010000,22.080000,21.510000,21.809999,17653300
2021-07-26,21.799999,22.299999,21.480000,22.129999,16267900
2021-07-27,21.959999,22.110001,21.090000,21.680000,23078700
2021-07-28,21.750000,22.615000,21.690001,22.559999,25073600
2021-07-29,22.780001,22.850000,22.139999,22.180000,19219100
2021-07-30,21.850000,22.406000,21.709999,21.709999,15889200
2021-08-02,21.910000,22.370001,21.480000,22.100000,21372900
2021-08-03,22.030001,22.270000,21.709999,22.240000,17040100
2021-08-04,22.200001,22.540001,22.070000,22.299999,15537400
2021-08-05,22.219999,22.770000,22.020000,22.520000,18575200
2021-08-06,22.639999,22.690001,21.790001,21.820000,24200700
2021-08-09,21.850000,23.280001,21.799999,22.930000,35611100
2021-08-10,23.010000,23.520000,22.780001,22.920000,25947900
2021-08-11,23.070000,23.190001,22.090000,22.350000,34679000
2021-08-12,24.450001,25.760000,23.584999,24.889999,189287200
2021-08-13,25.000000,25.100000,24.309999,24.900000,52395100
2021-08-16,24.900000,24.900000,23.770000,24.500000,45907300
2021-08-17,23.900000,24.590000,23.740000,23.969999,35348300
2021-08-18,24.070000,25.940001,23.680000,25.280001,92065600
2021-08-19,25.010000,25.639999,24.139999,24.160000,67605600
2021-08-20,24.219999,24.480000,23.660000,24.010000,52062300
2021-08-23,24.020000,24.930000,23.900000,24.820000,35705300
2021-08-24,25.000000,25.350000,24.760000,25.100000,37227400
2021-08-25,25.120001,25.190001,24.070000,24.350000,54678500
2021-08-26,24.400000,25.410000,24.360001,24.870001,46179400
2021-08-27,25.049999,26.090000,24.910000,25.709999,52268500
2021-08-30,25.740000,26.600000,25.620001,25.760000,44139300
2021-08-31,25.790001,26.360001,25.660000,26.340000,93168600
2021-09-01,26.459999,26.510000,26.030001,26.200001,34417200
2021-09-02,26.209999,26.870001,26.090000,26.510000,38460100
2021-09-03,26.490000,26.750000,26.219999,26.639999,26609500
2021-09-07,26.790001,26.879999,26.270000,26.700001,35835100
2021-09-08,26.600000,26.610001,24.959999,25.580000,54394400
2021-09-09,25.389999,26.240000,25.290001,26.129999,34190800
2021-09-10,26.180000,26.730000,26.170000,26.280001,37307800
2021-09-13,26.150000,26.239000,25.030001,25.830000,42372300
2021-09-14,25.969999,26.700001,25.900000,26.260000,34569000
2021-09-15,26.299999,27.150000,26.030001,27.080000,49555500
2021-09-16,27.200001,28.790001,27.020000,28.629999,109992000
2021-09-17,28.660000,29.290001,28.070000,28.709999,182052600
2021-09-20,27.570000,28.100000,26.059999,26.549999,89413500
2021-09-21,26.889999,27.149000,26.080000,26.620001,50933600
2021-09-22,26.610001,27.770000,26.582001,27.430000,44308100
2021-09-23,27.709999,29.190001,27.670000,28.770000,60028600
2021-09-24,28.270000,28.760000,27.900999,28.559999,40309700
2021-09-27,28.230000,28.379999,27.230000,27.469999,44102800
2021-09-28,27.020000,27.129999,25.209999,25.340000,64206200
2021-09-29,25.610001,25.700001,24.420000,24.520000,46164500
2021-09-30,24.690001,25.049999,23.879999,24.040001,59505600
2021-10-01,24.209999,24.360001,23.719999,24.330000,32778000
2021-10-04,24.010000,24.049999,23.020000,23.170000,46789700
2021-10-05,23.209999,23.879999,23.070000,23.209999,56574800
2021-10-06,24.910000,25.010000,23.350000,23.580000,125175700
2021-10-07,23.709999,24.129999,23.540001,23.730000,38873700
2021-10-08,23.860001,24.096001,23.110001,23.500000,39713400
2021-10-11,23.260000,23.980000,23.260000,23.530001,23971700
2021-10-12,23.549999,23.809999,23.290001,23.690001,26280000
2021-10-13,23.830000,24.309999,23.790001,24.129999,28494000
2021-10-14,24.430000,24.709999,24.205000,24.350000,26106700
2021-10-15,24.500000,24.520000,23.830000,24.000000,24366100
2021-10-18,24.000000,24.389999,23.920000,24.260000,25609900
2021-10-19,24.500000,25.200001,24.360001,24.690001,29393900
2021-10-20,24.790001,24.959999,24.170000,24.219999,24248000
2021-10-21,24.129999,24.930000,24.080000,24.780001,23976600
2021-10-22,24.490000,24.850000,24.250000,24.430000,20166800
2021-10-25,24.500000,25.540001,24.480000,25.410000,33962100
2021-10-26,25.990000,26.750000,25.250000,25.520000,56767000
2021-10-27,25.639999,25.900000,25.020000,25.059999,24157200
2021-10-28,25.299999,25.795000,25.120001,25.639999,21203000
2021-10-29,25.500000,26.120001,25.450001,25.879999,21910300
2021-11-01,26.110001,26.645000,25.882999,26.559999,26684700
2021-11-02,26.559999,26.719999,25.555000,25.920000,30794600
2021-11-03,25.889999,26.235001,25.170000,26.120001,25244200
2021-11-04,26.260000,26.570000,25.870001,26.469999,25029700
2021-11-05,26.450001,26.629999,25.719999,26.000000,26005000
2021-11-08,26.250000,27.110001,26.120001,26.750000,41359600
2021-11-09,25.900000,25.980000,23.950001,24.250000,117540200
2021-11-10,23.600000,23.639999,22.120001,22.520000,94860100
2021-11-11,23.040001,23.129999,22.665001,22.990000,43381500
2021-11-12,23.020000,23.225000,22.379999,22.830000,53516200
2021-11-15,23.000000,23.520000,22.950001,23.410000,33225700
2021-11-16,23.290001,23.290001,22.610001,23.129999,31574800
2021-11-17,23.049999,23.219000,22.400000,22.490000,27994100
2021-11-18,22.500000,22.549999,21.341999,21.500000,51039900
2021-11-19,21.600000,21.959999,21.299999,21.410000,30013100
2021-11-22,21.530001,21.570000,20.180000,20.650000,59899100
2021-11-23,20.590000,21.049999,20.049999,20.590000,44588000
2021-11-24,20.350000,21.200001,20.059999,21.110001,35233900
2021-11-26,20.410000,21.090000,20.349001,21.030001,20691200
2021-11-29,21.190001,21.400000,20.559999,21.070000,29114000
2021-11-30,20.950001,21.250000,20.110001,20.650000,38196400
2021-12-01,20.530001,20.889999,19.290001,19.379999,48283700
2021-12-02,19.299999,19.910000,19.059999,19.690001,45802900
2021-12-03,19.500000,19.530001,18.400000,18.980000,56039600
2021-12-06,18.540001,18.969999,18.075001,18.799999,56459800
2021-12-07,19.260000,19.855000,19.070000,19.459999,35129000
2021-12-08,19.510000,19.825001,19.030001,19.820000,28425900
2021-12-09,19.950001,20.150000,19.040001,19.209999,30354700
2021-12-10,19.280001,19.580000,18.700001,18.940001,27594500
2021-12-13,18.799999,19.075001,18.170000,18.400000,38376000
2021-12-14,18.000000,18.858999,17.910000,18.639999,38864800
2021-12-15,18.370001,18.940001,17.995001,18.860001,39361900
2021-12-16,18.959999,19.120001,18.150000,18.340000,33950000
2021-12-17,18.030001,19.100000,17.809999,19.059999,44495200
2021-12-20,18.590000,18.670000,17.834999,17.959999,42265900
2021-12-21,18.160000,18.980000,18.100000,18.900000,33878600
2021-12-22,18.650000,19.450001,18.650000,18.879999,33894200
2021-12-23,18.850000,19.135000,18.719999,18.930000,24758300
2021-12-27,18.780001,19.250000,18.780001,18.940001,21782000
2021-12-28,18.889999,19.070000,18.440001,18.570000,20518800
2021-12-29,18.530001,18.600000,17.910000,18.170000,28217500
2021-12-30,18.100000,18.995001,18.070000,18.690001,29285200
2021-12-31,18.610001,18.920000,18.209999,18.209999,23556000
2022-01-03,18.360001,18.569000,17.860001,18.530001,34283600
2022-01-04,18.610001,18.840000,17.790001,18.170000,39643200
2022-01-05,18.030001,18.568001,16.870001,16.959999,58445900
2022-01-06,16.870001,17.180000,16.055000,16.740000,49737100
2022-01-07,16.700001,17.330000,16.475000,16.559999,37989300
2022-01-10,16.190001,16.570000,15.350000,16.500000,77649400
2022-01-11,16.400000,17.250000,16.320000,16.889999,47442600
2022-01-12,17.160000,17.459999,16.400000,16.719999,39784200
2022-01-13,16.799999,16.820000,15.940000,16.010000,35492200
2022-01-14,15.940000,16.249001,15.620000,16.010000,35624900
2022-01-18,15.450000,15.750000,14.920000,14.970000,49067700
2022-01-19,14.900000,15.250000,14.540000,14.560000,48049100
2022-01-20,14.890000,15.550000,14.570000,14.620000,44690400
2022-01-21,14.250000,14.478000,13.500000,13.530000,73031300
2022-01-24,12.790000,13.410000,11.750000,13.400000,110518900
2022-01-25,13.120000,13.600000,12.830000,13.060000,47456600
2022-01-26,13.600000,13.820000,12.680000,12.750000,69949700
2022-01-27,13.010000,13.060000,12.200000,12.280000,52622900
2022-01-28,12.300000,12.880000,11.890000,12.710000,54887500
2022-01-31,12.770000,13.740000,12.760000,13.710000,51039300
2022-02-01,14.230000,14.370000,13.560000,14.200000,69012900
2022-02-02,14.090000,14.200000,13.190000,13.320000,47204300
2022-02-03,12.950000,13.320000,12.420000,12.450000,47236900
2022-02-04,12.470000,13.090000,12.265000,12.940000,38989200
2022-02-07,13.025000,13.600000,12.940000,12.980000,45646100
2022-02-08,12.750000,13.189000,12.620000,13.150000,30317100
2022-02-09,13.290000,13.890000,13.260000,13.870000,34451900
2022-02-10,13.500000,14.165000,13.370000,13.560000,41998200
2022-02-11,13.450000,13.920000,12.970000,13.130000,41831600
2022-02-14,13.100000,13.795000,12.980000,13.260000,40617900
2022-02-15,13.520000,14.185000,13.410000,14.170000,48523700
2022-02-16,13.910000,14.260000,13.660000,13.970000,58624400
2022-02-17,12.390000,12.700000,11.700000,11.770000,151385400
2022-02-18,11.920000,12.010000,10.570000,11.020000,137808100
2022-02-22,10.700000,11.185000,10.300000,10.480000,104501500
2022-02-23,10.830000,11.260000,10.400000,10.430000,93964500
2022-02-24,9.750000,11.870000,9.740000,11.830000,118793000
2022-02-25,11.590000,11.890000,11.000000,11.470000,75433700
2022-02-28,11.960000,12.180000,11.390000,11.850000,75390500
2022-03-01,11.990000,12.520000,11.710000,12.180000,64867200
2022-03-02,12.210000,12.210000,11.420000,12.060000,56698300
2022-03-03,12.010000,12.055000,11.235000,11.340000,46172000
2022-03-04,11.700000,11.770000,10.740000,10.960000,43502200
2022-03-07,11.430000,11.750000,11.100000,11.110000,63070600
2022-03-08,10.930000,11.390000,10.719000,11.040000,49279600
2022-03-09,11.410000,12.020000,11.270000,11.650000,43591400
2022-03-10,11.380000,11.970000,11.320000,11.870000,52295400
2022-03-11,11.860000,12.005000,11.370000,11.390000,37817400
2022-03-14,11.170000,11.410000,10.410000,10.500000,49762600
2022-03-15,10.470000,10.850000,10.270000,10.770000,40451200
2022-03-16,10.950000,11.820000,10.940000,11.790000,62746600
2022-03-17,11.720000,12.370000,11.660000,12.320000,43948900
2022-03-18,12.280000,13.020000,12.215000,12.820000,59125500
2022-03-21,12.720000,13.050000,12.420000,12.590000,39410900
2022-03-22,12.520000,13.480000,12.520000,13.270000,46210700
2022-03-23,13.160000,13.550000,13.020000,13.180000,33699400
2022-03-24,13.250000,13.420000,12.830000,13.390000,29535300
2022-03-25,13.360000,13.395000,12.710000,12.970000,24796900
2022-03-28,13.010000,13.440000,12.855000,13.420000,27152000
2022-03-29,13.650000,14.280000,13.350000,14.200000,46433700
2022-03-30,14.040000,14.360000,13.740000,13.880000,32164000
2022-03-31,13.900000,14.060000,13.630000,13.730000,22840000
2022-04-01,13.770000,14.065000,13.500000,13.830000,23831600
2022-04-04,14.030000,14.660000,14.020000,14.630000,40066800
2022-04-05,14.610000,14.860000,13.795000,13.890000,37677300
2022-04-06,13.520000,13.540000,12.850000,13.000000,40647700
2022-04-07,12.950000,13.340000,12.480000,12.840000,34727400
2022-04-08,12.700000,13.050000,12.570000,12.700000,24962500
2022-04-11,12.450000,12.820000,12.130000,12.660000,26095800
2022-04-12,12.880000,13.200000,12.425000,12.460000,26226500
2022-04-13,12.350000,12.940000,12.231000,12.900000,21152900
2022-04-14,12.920000,12.920000,12.410000,12.420000,23284100
2022-04-18,12.350000,12.415000,11.880000,12.150000,25395600
2022-04-19,12.080000,13.020000,12.070000,12.910000,31753900
2022-04-20,13.080000,13.170000,12.740000,12.790000,31528600
2022-04-21,13.020000,13.330000,12.225000,12.330000,32009000
2022-04-22,12.330000,12.730000,11.860000,11.960000,30386100
2022-04-25,11.830000,12.160000,11.680000,12.110000,31727600
2022-04-26,11.940000,12.050000,11.100000,11.120000,38666500
2022-04-27,11.010000,11.195000,10.530000,10.560000,54508500
2022-04-28,10.690000,11.045000,10.370000,10.950000,40074500
2022-04-29,10.900000,11.230000,10.360000,10.400000,30937500
2022-05-02,10.380000,10.755000,10.180000,10.740000,41193800
2022-05-03,10.690000,10.980000,10.440000,10.550000,31372700
2022-05-04,10.530000,11.010000,10.080000,10.980000,43239900
2022-05-05,10.800000,10.800000,9.980000,10.120000,40523600
2022-05-06,10.000000,10.050000,9.420000,9.480000,69691300
2022-05-09,7.780000,7.850000,7.320000,7.460000,170871700
2022-05-10,7.560000,7.703000,6.930000,7.290000,86932400
2022-05-11,7.280000,7.540000,6.660000,6.710000,72894900
2022-05-12,6.550000,7.380000,6.440000,7.340000,82147300
2022-05-13,7.520000,8.350000,7.520000,8.340000,69242700
2022-05-16,8.170000,8.430000,8.010000,8.040000,46153200
2022-05-17,8.100000,8.460000,8.010000,8.360000,38620800
2022-05-18,8.210000,8.430000,7.920000,8.010000,29304600
2022-05-19,7.970000,8.581000,7.945000,8.310000,35780900
2022-05-20,8.260000,8.400000,7.710000,8.080000,40879100
2022-05-23,8.010000,8.170000,7.800000,8.010000,27755200
2022-05-24,7.980000,7.990000,7.370000,7.550000,47218700
2022-05-25,7.520000,8.018000,7.510000,7.960000,35068900
2022-05-26,7.840000,8.400000,7.770000,8.360000,39738900
2022-05-27,8.500000,8.850000,8.434000,8.850000,37064000
2022-05-31,8.970000,9.100000,8.560000,8.680000,41672300
2022-06-01,8.720000,8.979000,8.380000,8.460000,34438100
2022-06-02,8.540000,9.390000,8.461000,9.300000,41347000
2022-06-03,9.040000,9.250000,8.860000,8.940000,36632300
2022-06-06,9.110000,9.210000,8.780000,8.980000,35101100
2022-06-07,8.890000,9.140000,8.730000,9.130000,28049400
2022-06-08,9.180000,9.420000,9.090000,9.180000,29056300
2022-06-09,9.130000,9.160000,8.670000,8.680000,30527400
2022-06-10,8.480000,8.580000,8.140000,8.260000,30225800
2022-06-13,7.990000,8.000000,7.500000,7.640000,40943000
2022-06-14,7.735000,7.980000,7.585000,7.820000,30564100
2022-06-15,7.920000,8.300000,7.815000,8.120000,38235300
2022-06-16,7.840000,7.985000,7.580000,7.670000,36793500
2022-06-17,7.700000,8.330000,7.690000,8.240000,45518000
2022-06-21,8.590000,9.050000,8.560000,8.710000,48887600
2022-06-22,8.520000,9.285000,8.450000,9.010000,43430600
2022-06-23,9.020000,9.500000,8.840000,9.460000,44618000
2022-06-24,9.530000,10.200000,9.480000,10.190000,67826000
2022-06-27,10.150000,10.160000,9.510000,9.620000,44768000
2022-06-28,9.570000,9.880000,9.190000,9.310000,45589000
2022-06-29,9.350000,9.420000,9.070000,9.230000,40408700
2022-06-30,9.020000,9.190000,8.720000,9.070000,33636400
2022-07-01,9.110000,9.430000,9.031000,9.270000,33504400
2022-07-05,9.140000,10.100000,9.000000,10.070000,55854800
2022-07-06,10.010000,10.310000,9.740000,9.800000,54604300
2022-07-07,9.760000,10.280000,9.750000,10.180000,35672500
2022-07-08,9.920000,10.380000,9.830000,10.170000,36737100
2022-07-11,9.980000,9.994000,9.530000,9.560000,34015100
2022-07-12,9.660000,9.960000,9.270000,9.490000,42765800
2022-07-13,9.220000,9.550000,9.050000,9.280000,32461300
2022-07-14,9.230000,9.280000,8.850000,8.900000,26702100
2022-07-15,9.010000,9.120000,8.650000,9.040000,34918100
2022-07-18,9.250000,9.450000,9.005000,9.030000,32428400
2022-07-19,9.150000,9.370000,8.890000,9.340000,29033800
2022-07-20,9.440000,10.200000,9.440000,10.110000,40845200
2022-07-21,10.370000,10.760000,10.220000,10.490000,51691200
2022-07-22,10.350000,10.570000,9.730000,9.840000,38915500
2022-07-25,9.830000,9.850000,9.520000,9.680000,21485000
2022-07-26,9.660000,9.660000,9.380000,9.400000,21997800
2022-07-27,9.670000,10.030000,9.500000,10.020000,29810900
2022-07-28,10.030000,10.200000,9.740000,10.130000,27172900
2022-07-29,10.010000,10.350000,9.920000,10.350000,31106600
2022-08-01,10.250000,10.700000,10.122000,10.470000,31694700
2022-08-02,10.320000,11.230000,10.260000,10.920000,40958800
2022-08-03,11.080000,11.340000,11.040000,11.200000,35796500
2022-08-04,11.190000,11.410000,11.030000,11.320000,32093400
2022-08-05,11.010000,11.620000,10.850000,11.450000,50264800
2022-08-08,9.770000,10.400000,9.710000,9.820000,125272600
2022-08-09,9.540000,9.570000,9.010000,9.250000,58788900
2022-08-10,9.510000,9.660000,9.320000,9.590000,46054900
2022-08-11,9.760000,10.050000,9.400000,9.420000,44790900
2022-08-12,9.550000,9.970000,9.420000,9.910000,30638200
2022-08-15,9.820000,10.100000,9.760000,9.910000,33263400
2022-08-16,9.850000,9.880000,9.360000,9.740000,40603900
2022-08-17,9.560000,9.619000,9.330000,9.430000,33933600
2022-08-18,9.420000,9.470000,9.120000,9.150000,26365600
2022-08-19,9.000000,9.010000,8.480000,8.510000,40560200
2022-08-22,8.320000,8.400000,8.060000,8.070000,37824900
2022-08-23,8.100000,8.280000,8.000000,8.010000,25658500
2022-08-24,8.040000,8.360000,7.980000,8.100000,26576400
2022-08-25,8.220000,8.430000,8.050000,8.420000,25635600
2022-08-26,8.420000,8.430000,7.930000,7.940000,34150400
2022-08-29,7.820000,7.998000,7.760000,7.810000,28566200
2022-08-30,7.930000,7.975000,7.680000,7.790000,27189200
2022-08-31,7.950000,8.000000,7.700000,7.720000,28691500
2022-09-01,7.610000,7.620000,7.220000,7.490000,39079700
2022-09-02,7.670000,7.670000,7.350000,7.400000,25965000
2022-09-06,7.450000,7.460000,7.170000,7.280000,30429400
2022-09-07,7.270000,7.430000,7.180000,7.390000,30330000
2022-09-08,7.330000,7.530000,7.270000,7.530000,26303600
2022-09-09,7.680000,7.820000,7.640000,7.790000,27822300
2022-09-12,7.860000,8.030000,7.820000,8.010000,30544800
2022-09-13,7.630000,7.660000,7.450000,7.480000,29770700
2022-09-14,7.450000,7.630000,7.330000,7.630000,29422500
2022-09-15,7.470000,8.100000,7.450000,8.010000,51700600
2022-09-16,7.750000,7.930000,7.640000,7.780000,42155500
2022-09-19,7.640000,7.860000,7.580000,7.860000,29238800
2022-09-20,7.780000,7.915000,7.600000,7.620000,30349600
2022-09-21,7.720000,8.070000,7.655000,7.690000,36814500
2022-09-22,7.740000,7.740000,7.240000,7.370000,49138300
2022-09-23,7.200000,7.420000,7.130000,7.400000,34197300
2022-09-26,7.350000,7.830000,7.350000,7.530000,45429800
2022-09-27,7.690000,7.835000,7.460000,7.630000,31794700
2022-09-28,7.630000,8.000000,7.620000,7.940000,31955900
2022-09-29,8.050000,8.330000,7.780000,8.080000,57845800
2022-09-30,8.010000,8.500000,7.971000,8.130000,47454800
2022-10-03,8.145000,8.300000,7.970000,8.240000,35524000
2022-10-04,8.480000,8.610000,8.340000,8.460000,36313300
2022-10-05,8.260000,8.485000,8.075000,8.420000,37790200
2022-10-06,8.400000,8.600000,8.315000,8.470000,27653400
2022-10-07,8.260000,8.280000,8.110000,8.150000,29550500
2022-10-10,8.170000,8.180000,7.880000,8.060000,26923300
2022-10-11,7.990000,8.295000,7.700000,8.040000,40775800
2022-10-12,8.060000,8.100000,7.820000,8.070000,30201600
2022-10-13,7.740000,8.200000,7.565000,8.080000,36040900
2022-10-14,8.230000,8.310000,7.530000,7.530000,37430100
2022-10-17,7.710000,8.060000,7.690000,7.940000,31751700
2022-10-18,8.150000,8.330000,8.040000,8.160000,37120400
2022-10-19,8.060000,8.125000,7.845000,7.910000,26594000
2022-10-20,7.730000,8.260000,7.730000,8.040000,26689500
2022-10-21,7.930000,8.320000,7.810000,8.290000,30705700
2022-10-24,8.300000,8.300000,8.010000,8.270000,28062200
2022-10-25,8.360000,8.660000,8.360000,8.660000,31001500
2022-10-26,8.480000,9.050000,8.390000,8.570000,33530900
2022-10-27,8.680000,8.780000,8.460000,8.600000,28940800
2022-10-28,8.550000,8.660000,8.365000,8.640000,20697400
2022-10-31,8.590000,8.830000,8.430000,8.790000,31376100
2022-11-01,8.990000,9.060000,8.560000,8.650000,29800000
2022-11-02,8.700000,8.760000,8.200000,8.220000,36042600
2022-11-03,8.070000,8.300000,7.870000,8.080000,36419500
2022-11-04,8.190000,8.200000,7.650000,7.930000,64338900
2022-11-07,7.780000,7.850000,6.890000,7.020000,99332800
2022-11-08,7.080000,7.420000,6.910000,7.210000,56353900
2022-11-09,7.120000,7.185000,6.950000,6.980000,42517300
2022-11-10,7.460000,7.970000,7.430000,7.640000,58579800
2022-11-11,7.480000,8.420000,7.375000,8.410000,55324100
2022-11-14,8.180000,8.320000,7.953000,8.100000,37402700
2022-11-15,8.450000,8.470000,8.155000,8.340000,34454100
2022-11-16,8.180000,8.240000,8.000000,8.060000,28436000
2022-11-17,7.830000,7.880000,7.525000,7.620000,33746500
2022-11-18,7.760000,7.790000,7.310000,7.390000,27245200
2022-11-21,7.310000,7.320000,7.070000,7.190000,36605600
2022-11-22,7.180000,7.250000,6.980000,7.220000,27327800
2022-11-23,7.250000,7.420000,7.120000,7.370000,24182900
2022-11-25,7.320000,7.339000,7.190000,7.280000,10824400
2022-11-28,7.230000,7.400000,7.150000,7.160000,19438000
2022-11-29,7.200000,7.300000,7.050000,7.080000,22150800
2022-11-30,7.140000,7.510000,7.033000,7.500000,32745700
2022-12-01,7.510000,7.880000,7.470000,7.860000,34424400
2022-12-02,7.615000,7.760000,7.500000,7.660000,18794000
2022-12-05,7.620000,7.695000,7.105000,7.190000,32158200
2022-12-06,7.190000,7.195000,6.880000,6.990000,32868100
2022-12-07,7.080000,7.350000,7.020000,7.070000,28351600
2022-12-08,7.100000,7.270000,6.940000,7.120000,23107700
2022-12-09,7.060000,7.190000,7.030000,7.110000,23367300
2022-12-12,7.110000,7.310000,7.090000,7.290000,22672400
2022-12-13,7.730000,7.970000,7.490000,7.500000,41033800
2022-12-14,7.500000,7.600000,7.265000,7.350000,22653800
2022-12-15,7.170000,7.298000,7.010000,7.010000,25417100
2022-12-16,7.020000,7.080000,6.760000,6.900000,32655600
2022-12-19,6.800000,6.830000,6.320000,6.350000,41511600
2022-12-20,6.290000,6.540000,6.200000,6.310000,30215600
2022-12-21,6.240000,6.520000,6.040000,6.500000,34408600
2022-12-22,6.370000,6.380000,6.180000,6.320000,28066000
2022-12-23,6.270000,6.300000,6.070000,6.290000,20419000
2022-12-27,6.150000,6.220000,5.920000,6.000000,34573300
2022-12-28,5.980000,6.170000,5.950000,6.070000,30096800
2022-12-29,6.100000,6.525000,6.100000,6.400000,42694200
2022-12-30,6.190000,6.420000,6.190000,6.420000,27830900
2023-01-03,6.580000,6.640000,6.275000,6.390000,29969900
2023-01-04,6.480000,6.675000,6.370000,6.580000,31660500
2023-01-05,6.450000,6.490000,6.250000,6.320000,34186000
2023-01-06,6.400000,6.450000,6.090000,6.400000,30596400
2023-01-09,6.490000,6.670000,6.400000,6.500000,31028900
2023-01-10,6.500000,6.720000,6.490000,6.700000,28236600
2023-01-11,6.840000,6.990000,6.760000,6.980000,25936700
2023-01-12,7.010000,7.050000,6.780000,7.010000,30152500
2023-01-13,6.840000,7.010000,6.810000,6.960000,20981000
2023-01-17,6.990000,7.150000,6.730000,7.070000,30910300
2023-01-18,7.155000,7.300000,6.880000,6.900000,32743400
2023-01-19,6.800000,6.895000,6.670000,6.730000,24841700
2023-01-20,6.760000,7.060000,6.720000,7.020000,28751700
2023-01-23,7.030000,7.410000,6.991000,7.380000,31633300
2023-01-24,7.000000,7.420000,7.000000,7.020000,22649500
2023-01-25,6.920000,7.270000,6.690000,7.220000,37147900
2023-01-26,7.370000,7.450000,7.040000,7.240000,28005600
2023-01-27,7.190000,7.730000,7.140000,7.550000,37555200
2023-01-30,7.500000,7.610000,7.360000,7.370000,28567800
2023-01-31,7.410000,7.820000,7.380000,7.780000,40984000
2023-02-01,7.730000,8.220000,7.680000,8.200000,50123700
2023-02-02,8.510000,9.210000,8.470000,8.990000,71889700
2023-02-03,8.540000,8.900000,8.373000,8.410000,64785500
2023-02-06,8.310000,8.535000,8.240000,8.310000,38845500
2023-02-07,8.330000,8.410000,8.060000,8.330000,42201800
2023-02-08,8.250000,8.570000,8.170000,8.220000,35105500
2023-02-09,8.340000,8.430000,7.940000,7.950000,33366700
2023-02-10,7.790000,7.860000,7.460000,7.510000,43042400
2023-02-13,7.580000,7.775000,7.450000,7.610000,87397100
2023-02-14,8.590000,9.295000,8.230000,9.220000,216055200
2023-02-15,9.160000,10.230000,9.110000,10.110000,153210400
2023-02-16,9.650000,10.310000,9.600000,9.710000,88638800
2023-02-17,9.570000,9.710000,9.085000,9.200000,62137800
2023-02-21,9.010000,9.100000,8.400000,8.470000,65226600
2023-02-22,8.480000,8.625000,8.160000,8.360000,55346000
2023-02-23,8.420000,8.480000,7.910000,8.170000,60015500
2023-02-24,7.940000,8.200000,7.870000,8.090000,41518600
2023-02-27,8.120000,8.230000,7.960000,8.030000,35270000
2023-02-28,7.960000,8.097000,7.800000,7.840000,32937000
2023-03-01,7.830000,7.910000,7.690000,7.690000,27939100
2023-03-02,7.590000,8.030000,7.560000,7.970000,36538700
2023-03-03,8.000000,8.500000,8.000000,8.330000,43229100
2023-03-06,8.340000,8.450000,8.200000,8.280000,28316200
2023-03-07,8.275000,8.425000,8.190000,8.280000,26819600
2023-03-08,8.360000,8.580000,8.060000,8.130000,38723600
2023-03-09,8.070000,8.260000,7.680000,7.690000,29005900
2023-03-10,7.590000,7.680000,7.280000,7.350000,41953600
2023-03-13,7.290000,8.150000,7.190000,7.870000,63183500
2023-03-14,8.050000,8.140000,7.780000,7.890000,33460100
2023-03-15,7.810000,7.990000,7.700000,7.900000,28217400
2023-03-16,8.010000,8.080000,7.860000,7.980000,20255400
2023-03-17,7.930000,8.030000,7.840000,7.880000,20920800
2023-03-20,7.765000,8.095000,7.720000,8.080000,25497400
2023-03-21,8.200000,8.510000,8.170000,8.450000,27104500
2023-03-22,8.440000,8.620000,8.200000,8.210000,34151000
2023-03-23,8.320000,8.560000,8.160000,8.330000,22662200
2023-03-24,8.290000,8.350000,8.060000,8.200000,17901200
2023-03-27,8.150000,8.320000,7.940000,8.040000,20666800
2023-03-28,8.060000,8.120000,7.970000,8.000000,14860500
2023-03-29,8.090000,8.250000,8.051000,8.220000,15339700
2023-03-30,8.330000,8.380000,8.050000,8.150000,21001600
2023-03-31,8.150000,8.480000,8.080000,8.450000,26174800
2023-04-03,8.370000,8.530000,8.210000,8.380000,22512000
2023-04-04,8.530000,8.540000,8.230000,8.350000,23961200
2023-04-05,8.630000,8.650000,7.840000,7.980000,54946900
2023-04-06,7.880000,8.140000,7.790000,8.090000,23488600
2023-04-10,8.000000,8.440000,7.900000,8.390000,29184700
2023-04-11,8.350000,8.790000,8.340000,8.610000,35617900
2023-04-12,8.750000,8.775000,8.300000,8.330000,28771300
2023-04-13,8.500000,8.700000,8.430000,8.580000,27983300
2023-04-14,8.530000,8.910000,8.470000,8.810000,42364500
2023-04-17,8.810000,9.040000,8.780000,8.800000,26047500
2023-04-18,8.930000,9.020000,8.720000,8.730000,21185300
2023-04-19,8.580000,8.658000,8.480000,8.490000,18193700
2023-04-20,8.290000,8.500000,8.130000,8.150000,23573000
2023-04-21,8.140000,8.220000,8.090000,8.180000,14896700
2023-04-24,8.160000,8.250000,7.940000,8.100000,20439300
2023-04-25,8.000000,8.020000,7.730000,7.740000,21849100
2023-04-26,7.870000,7.910000,7.650000,7.740000,21396700
2023-04-27,7.830000,7.910000,7.720000,7.820000,21385500
2023-04-28,7.770000,8.000000,7.620000,7.750000,24924400
2023-05-01,7.750000,7.820000,7.660000,7.780000,19134200
2023-05-02,7.720000,7.910000,7.430000,7.590000,38008000
2023-05-03,7.620000,7.680000,7.450000,7.560000,24322400
2023-05-04,7.470000,7.520000,7.280000,7.380000,29989300
2023-05-05,7.440000,7.550000,7.320000,7.410000,45848800
2023-05-08,7.640000,7.855000,7.590000,7.740000,105304000
2023-05-09,9.220000,9.690000,8.655000,9.550000,223573300
2023-05-10,9.730000,10.300000,9.460000,9.940000,149375000
2023-05-11,10.140000,10.159000,9.710000,9.880000,73754100
2023-05-12,9.860000,10.010000,9.470000,9.500000,62123900
2023-05-15,9.210000,9.600000,9.020000,9.520000,53555500
2023-05-16,9.400000,9.630000,9.350000,9.470000,42311900
2023-05-17,9.540000,10.285000,9.460000,10.250000,63834500
2023-05-18,10.460000,11.810000,10.390000,11.740000,171402300
2023-05-19,11.970000,12.410000,11.520000,11.710000,150269300
2023-05-22,11.620000,12.105000,11.390000,11.840000,76377100
2023-05-23,11.950000,13.420000,11.870000,12.640000,148701800
2023-05-24,12.050000,12.430000,11.820000,12.230000,90496900
2023-05-25,13.180000,13.220000,12.340000,12.840000,106557800
2023-05-26,12.840000,14.195000,12.820000,13.650000,127311200
2023-05-30,14.440000,15.005000,14.240000,14.710000,159089300
2023-05-31,14.190000,14.790000,13.820000,14.710000,130392200
2023-06-01,14.460000,15.220000,14.200000,14.540000,126015100
2023-06-02,14.650000,15.030000,14.160000,14.520000,79487600
2023-06-05,14.365000,15.700000,14.365000,15.240000,109017800
2023-06-06,15.300000,15.580000,14.920000,15.460000,74284300
2023-06-07,16.010000,17.160000,14.520000,14.690000,227244100
2023-06-08,14.440000,15.590000,14.390000,15.190000,115591600
2023-06-09,15.360000,15.980000,14.820000,15.020000,94126300
2023-06-12,15.440000,16.030001,15.330000,15.650000,89900400
2023-06-13,16.180000,16.270000,15.163000,16.000000,112765900
2023-06-14,15.930000,16.190001,15.440000,15.910000,70871900
2023-06-15,15.660000,16.790001,15.490000,16.600000,91200900
2023-06-16,16.870001,16.910000,16.010000,16.299999,90696200
2023-06-20,15.990000,16.889999,15.580000,15.790000,81335000
2023-06-21,15.660000,15.755000,14.370000,14.640000,97885000
2023-06-22,14.300000,14.440000,13.860000,14.050000,103461000
2023-06-23,13.640000,14.140000,13.560000,14.030000,74851000
2023-06-26,13.870000,14.420000,13.830000,13.940000,50679900
2023-06-27,14.220000,14.760000,13.960000,14.610000,55410500
2023-06-28,14.530000,15.430000,14.465000,15.280000,66001000
2023-06-29,15.400000,15.570000,15.060000,15.200000,46300900
2023-06-30,15.480000,15.800000,15.230000,15.330000,42195300
2023-07-03,15.490000,15.590000,15.190000,15.520000,26037400
2023-07-05,15.425000,15.770000,15.230000,15.700000,39179900
2023-07-06,15.320000,15.383000,14.620000,15.130000,56534000
2023-07-07,15.230000,15.900000,15.190000,15.340000,48273300
2023-07-10,15.370000,16.330000,14.945000,16.299999,62823600
2023-07-11,16.469999,16.930000,16.150000,16.490000,63236600
2023-07-12,16.780001,16.940001,16.410000,16.590000,50079400
2023-07-13,16.700001,17.260000,16.631001,16.740000,58397800
2023-07-14,16.760000,17.000000,16.270000,16.400000,45115000
2023-07-17,16.420000,17.590000,16.320000,17.400000,63505000
2023-07-18,17.879999,18.129999,17.190001,18.080000,87117600
2023-07-19,18.020000,18.995001,17.760000,18.049999,89044600
2023-07-20,17.540001,18.000000,16.980000,17.129999,62711600
2023-07-21,17.469999,17.490000,16.000000,16.430000,63375900
2023-07-24,16.610001,16.690001,16.120001,16.320000,36133600
2023-07-25,16.350000,16.860001,16.350000,16.549999,36612900
2023-07-26,16.400000,16.690001,16.129999,16.430000,35804800
2023-07-27,16.799999,17.190001,16.000000,16.150000,50685200
2023-07-28,17.209999,17.969999,16.740000,17.809999,106125600
2023-07-31,18.820000,19.995001,18.379999,19.840000,142173800
2023-08-01,19.459999,20.240000,19.230000,19.990000,99336200
2023-08-02,19.260000,19.620001,18.150000,18.969999,98215800
2023-08-03,18.629999,19.299999,18.610001,18.709999,54345900
2023-08-04,18.874001,19.080000,18.080000,18.200001,72386000
2023-08-07,18.250000,18.389999,17.010000,17.990000,133808400
2023-08-08,17.490000,17.490000,16.100000,17.040001,143014200
2023-08-09,16.760000,16.920000,15.100000,15.250000,126230400
2023-08-10,15.440000,15.870000,15.250000,15.410000,73129100
2023-08-11,15.050000,15.580000,14.910000,15.410000,56616800
2023-08-14,15.200000,15.740000,14.950000,15.720000,47511400
2023-08-15,15.610000,15.870000,15.290000,15.370000,44000400
2023-08-16,15.210000,15.725000,15.120000,15.450000,40394600
2023-08-17,15.390000,15.437000,14.035000,14.150000,91086700
2023-08-18,13.880000,14.600000,13.680000,14.400000,70215200
2023-08-21,14.420000,14.780000,14.340000,14.500000,43206200
2023-08-22,14.760000,15.130000,14.630000,14.670000,52001800
2023-08-23,14.500000,15.470000,14.420000,15.300000,53523300
2023-08-24,15.700000,15.710000,13.875000,14.140000,93586200
2023-08-25,14.140000,14.650000,14.010000,14.530000,55668900
2023-08-28,14.690000,14.880000,14.500000,14.640000,35964700
2023-08-29,14.600000,15.630000,14.500000,15.400000,47213200
2023-08-30,15.460000,16.350000,15.330000,16.330000,65674100
2023-08-31,15.600000,15.850000,14.650000,14.980000,101517200
2023-09-01,15.160000,15.365000,14.830000,15.180000,45258900
2023-09-05,15.080000,15.420000,14.900000,15.210000,33818400
2023-09-06,15.170000,15.620000,15.080000,15.300000,38738100
2023-09-07,14.880000,15.240000,14.290000,15.210000,51798800
2023-09-08,15.120000,15.610000,15.085000,15.130000,33862000
2023-09-11,15.410000,16.100000,15.360000,15.790000,55294700
2023-09-12,15.460000,16.150000,15.430000,15.590000,39497900
2023-09-13,15.630000,15.850000,15.420000,15.600000,34354400
2023-09-14,15.690000,16.040001,15.470000,15.830000,38572500
2023-09-15,15.770000,15.900000,15.170000,15.330000,56271200
2023-09-18,15.180000,15.630000,15.070000,15.460000,37404100
2023-09-19,15.340000,15.519000,14.950000,15.150000,37804800
2023-09-20,15.250000,15.425000,14.733000,14.740000,37640500
2023-09-21,14.340000,14.599000,13.680000,14.000000,73071800
2023-09-22,14.230000,14.415000,14.030000,14.130000,47714500
2023-09-25,14.000000,14.240000,13.820000,14.220000,39693900
2023-09-26,13.950000,14.170000,13.880000,13.960000,37276200
2023-09-27,14.200000,14.960000,14.160000,14.850000,62780600
2023-09-28,15.140000,15.960000,14.825000,15.770000,66590800
2023-09-29,16.110001,16.809999,15.960000,16.000000,78055100
2023-10-02,16.030001,16.440001,15.770000,15.880000,41043900
2023-10-03,15.610000,15.770000,14.820000,14.900000,51578100
2023-10-04,15.460000,15.850000,15.160000,15.730000,52786200
2023-10-05,15.560000,15.900000,15.410000,15.810000,49648100
2023-10-06,15.560000,16.695000,15.510000,16.610001,65946300
2023-10-09,16.250000,17.830000,16.219999,17.610001,106161200
2023-10-10,18.059999,18.400000,17.620001,17.799999,99971500
2023-10-11,17.870001,18.440001,17.730000,17.920000,55745600
2023-10-12,17.920000,18.240000,17.551001,17.940001,57940900
2023-10-13,18.059999,18.160000,17.270000,17.360001,54541600
2023-10-16,17.209999,17.459999,16.670000,17.360001,44987300
2023-10-17,17.000000,18.030001,16.910000,17.840000,54401300
2023-10-18,17.809999,18.219999,17.190001,17.200001,44208300
2023-10-19,17.440001,17.580000,16.969999,17.059999,46303200
2023-10-20,16.850000,16.940001,15.810000,16.110001,63875500
2023-10-23,15.900000,16.340000,15.210000,16.200001,55967200
2023-10-24,16.379999,16.930000,16.299999,16.639999,39833800
2023-10-25,16.570000,16.629999,15.580000,15.590000,46706500
2023-10-26,15.600000,15.910000,15.050000,15.290000,49351800
2023-10-27,15.480000,15.600000,14.960000,15.070000,39913600
2023-10-30,15.270000,15.290000,14.560000,14.690000,46886400
2023-10-31,14.580000,15.010000,14.550000,14.800000,40195400
2023-11-01,14.800000,14.960000,14.480000,14.920000,54419100
2023-11-02,17.480000,18.299999,17.209999,17.969999,170406800
2023-11-03,18.020000,19.079000,17.760000,18.889999,109302000
2023-11-06,18.990000,19.080000,17.930000,18.540001,79952600
2023-11-07,18.860001,19.170000,18.530001,18.799999,56289100
2023-11-08,18.850000,18.930000,18.150000,18.490000,46063100
2023-11-09,18.660000,18.870001,18.160000,18.270000,48454200
2023-11-10,18.155001,19.719999,18.059999,19.670000,92748000
2023-11-13,19.590000,19.879999,19.299999,19.709999,74877500
2023-11-14,20.000000,20.100000,19.500000,19.940001,83230500
2023-11-15,19.900000,20.370001,19.611000,19.950001,75533500
2023-11-16,19.799999,19.875000,19.290001,19.770000,49942800
2023-11-17,19.680000,20.580000,19.659000,20.490000,69497400
2023-11-20,20.650000,21.600000,20.559999,21.340000,90270000
2023-11-21,21.110001,21.850000,19.719999,19.799999,106643300
2023-11-22,20.260000,20.440001,19.330000,19.690001,68326000
2023-11-24,19.379999,19.600000,18.930000,19.200001,39800400
2023-11-27,19.129999,19.500000,18.620001,19.080000,58808200
2023-11-28,19.110001,19.799999,19.030001,19.709999,54170700
2023-11-29,19.945000,20.309999,19.780001,19.840000,62782100
2023-11-30,19.940001,20.230000,19.680000,20.049999,55501000
2023-12-01,19.930000,20.290001,19.549999,20.270000,61493700
2023-12-04,19.750000,19.900000,18.270000,18.400000,104948500
2023-12-05,18.250000,18.549999,17.959999,18.299999,54460800
2023-12-06,17.690001,17.830000,17.049999,17.129999,96111000
2023-12-07,17.219999,17.480000,17.080000,17.219999,56455000
2023-12-08,17.180000,17.920000,17.090000,17.770000,57542100
2023-12-11,17.969999,18.280001,17.700001,17.770000,50929600
2023-12-12,17.690001,17.879999,17.230000,17.500000,46231900
2023-12-13,17.650000,17.900000,17.219999,17.870001,52682600
2023-12-14,18.170000,18.580000,17.719999,18.209999,67462800
2023-12-15,18.670000,19.150000,18.040001,18.200001,93307100
2023-12-18,18.209999,18.575001,17.770000,17.840000,60188100
2023-12-19,17.980000,18.190001,17.840000,17.950001,43530300
2023-12-20,17.870001,17.920000,17.190001,17.250000,58666900
2023-12-21,17.530001,17.740000,17.420000,17.590000,30493600
2023-12-22,17.700001,17.700001,17.325001,17.410000,33693800
2023-12-26,17.440001,17.745001,17.330000,17.680000,31750700
2023-12-27,17.780001,17.910000,17.450001,17.469999,32918400
2023-12-28,17.459999,17.840000,17.420000,17.559999,38990000
2023-12-29,17.520000,17.639999,17.100000,17.170000,38943500
2024-01-02,16.950001,16.950001,16.500000,16.580000,41626700
2024-01-03,16.120001,16.379999,16.010000,16.090000,46865200
2024-01-04,16.049999,16.580000,15.950000,16.250000,39937700
2024-01-05,15.700000,16.128000,15.664000,15.980000,57700000
2024-01-08,16.219999,16.889999,16.139999,16.670000,49090000
2024-01-09,16.510000,16.629999,16.280001,16.389999,35794500
2024-01-10,16.500000,17.030001,16.400000,16.790001,41254400
2024-01-11,16.809999,16.930000,16.170000,16.680000,39552400
2024-01-12,16.680000,17.059999,16.620001,16.760000,33952600
2024-01-16,16.590000,16.740000,16.290001,16.530001,32659300
2024-01-17,16.260000,16.410000,16.049999,16.389999,30832800
2024-01-18,16.750000,16.809999,16.100000,16.400000,35239700
2024-01-19,16.570000,16.780001,16.150000,16.780001,40690600
2024-01-22,17.459999,18.350000,17.430000,17.600000,85573900
2024-01-23,17.639999,17.730000,17.200001,17.330000,37794300
2024-01-24,17.510000,17.650000,16.735001,16.750000,42710700
2024-01-25,16.920000,17.000000,16.309999,16.459999,44589000
2024-01-26,16.400000,16.750000,16.340000,16.350000,28612200
2024-01-29,16.450001,17.110001,16.430000,17.090000,35987800
2024-01-30,17.040001,17.240000,16.660000,16.740000,36388200
2024-01-31,16.410000,16.760000,16.070000,16.090000,43582500
2024-02-01,16.209999,16.487000,16.030001,16.330000,40454400
2024-02-02,16.340000,17.020000,16.145000,17.020000,57672700
2024-02-05,17.559999,17.870001,16.480000,16.719999,167698300
2024-02-06,20.299999,22.180000,19.760000,21.870001,420501900
2024-02-07,21.600000,23.870001,21.379999,23.600000,254911100
2024-02-08,23.959999,25.059999,23.320000,24.510000,212671100
2024-02-09,25.040001,25.110001,23.570000,24.379999,149062000
2024-02-12,23.910000,25.525000,23.820000,25.049999,108173000
2024-02-13,23.530001,24.660000,23.309999,24.010000,102293300
2024-02-14,24.150000,25.500000,23.754999,25.190001,97227900
2024-02-15,25.040001,25.459999,24.709999,25.410000,70544300
2024-02-16,24.959999,25.495001,24.389999,24.440001,65498200
2024-02-20,23.840000,24.000000,22.715000,23.400000,93374300
2024-02-21,22.299999,22.930000,22.290001,22.740000,59628300
2024-02-22,23.770000,23.950001,23.049999,23.590000,64458200
2024-02-23,23.530001,24.070000,22.820000,22.969999,48840800
2024-02-26,23.030001,23.879999,22.940001,23.559999,46499500
2024-02-27,23.760000,24.620001,23.719999,24.530001,64967400
2024-02-28,24.520000,24.840000,24.245001,24.420000,47314000
2024-02-29,24.809999,25.292999,24.360001,25.080000,62753300
2024-03-01,25.299999,25.690001,24.535000,24.930000,64794400
2024-03-04,24.400000,24.580000,23.530001,24.040001,64320000
2024-03-05,23.959999,24.409000,23.430000,23.809999,49542300
2024-03-06,25.750000,26.750000,24.530001,26.160000,207386900
2024-03-07,27.010000,27.500000,26.379999,26.459999,117519300
2024-03-08,27.190001,27.280001,25.809999,26.040001,84256100
2024-03-11,25.889999,26.830000,25.290001,25.350000,60829300
2024-03-12,25.570000,25.639999,24.350000,24.700001,75202600
2024-03-13,24.700001,25.440001,24.600000,25.000000,59713000
2024-03-14,24.830000,24.969999,24.139999,24.430000,49214800
2024-03-15,23.850000,24.100000,23.420000,23.490000,61421000
2024-03-18,23.770000,24.180000,23.320000,24.000000,44083000
2024-03-19,23.500000,23.830000,22.920000,23.799999,43247200
2024-03-20,23.770000,24.650000,23.670000,24.570000,40273800
2024-03-21,25.299999,25.330000,24.440001,24.490000,37099600
2024-03-22,24.200001,24.475000,24.020000,24.180000,25453000
2024-03-25,24.120001,24.620001,24.049999,24.510000,29255900
2024-03-26,24.760000,25.469999,24.469999,24.889999,43610500
2024-03-27,25.000000,25.480000,24.260000,24.510000,38600100
2024-03-28,24.170000,24.280001,22.940001,23.010000,70008200
2024-04-01,22.980000,23.209999,22.400000,22.860001,41000000
2024-04-02,22.000000,22.790001,21.719999,22.719999,39770600
2024-04-03,22.440001,23.010000,22.379999,22.700001,30357400
2024-04-04,23.820000,24.100000,22.400000,22.480000,64995300
2024-04-05,22.420000,23.320000,22.306999,22.959999,38716800
2024-04-08,23.080000,23.200001,22.670000,23.000000,25022700
2024-04-09,23.010000,23.087000,22.459999,22.809999,27643300
2024-04-10,22.219999,22.709999,22.010000,22.420000,28642900
2024-04-11,22.650000,22.910000,22.250000,22.840000,26399400
2024-04-12,22.700001,23.200001,22.410000,22.670000,36764500
2024-04-15,22.790001,23.129999,21.830000,21.900000,38182100
2024-04-16,21.590000,21.990000,21.270000,21.879999,33869200
2024-04-17,22.010000,22.110001,21.219999,21.309999,30139800
2024-04-18,21.250000,21.430000,20.700001,21.129999,34550500
2024-04-19,20.980000,21.430000,20.330000,20.469999,39632600
2024-04-22,20.719999,21.080000,20.360001,20.969999,31894500
2024-04-23,21.250000,22.059999,21.230000,21.639999,36304600
2024-04-24,22.049999,22.250000,21.299999,21.590000,34426500
2024-04-25,20.820000,21.740000,20.660000,21.709999,26226700
2024-04-26,22.049999,22.670000,21.910000,22.520000,33119800
2024-04-29,22.750000,23.090000,22.545000,22.830000,30104900
2024-04-30,22.770000,22.870001,21.950001,21.969999,30511900
2024-05-01,21.930000,22.830000,21.629999,22.120001,34665900
2024-05-02,22.600000,22.715000,22.100000,22.549999,30396100
2024-05-03,23.480000,23.639999,22.910000,23.330000,55976400
2024-05-06,24.370001,25.355000,24.030001,25.209999,175936600
2024-05-07,21.990000,22.700001,21.350000,21.400000,161061600
2024-05-08,21.580000,21.730000,21.059999,21.559999,67582900
2024-05-09,21.490000,21.580000,20.940001,21.139999,54101900
2024-05-10,21.270000,21.370001,20.500000,20.600000,59845400
2024-05-13,20.600000,21.190001,20.600000,20.940001,37524800
2024-05-14,20.950001,22.070000,20.930000,21.440001,57894400
2024-05-15,21.730000,21.809999,21.184999,21.670000,39424000
2024-05-16,21.740000,21.870001,21.535000,21.650000,27416700
2024-05-17,21.780001,22.169001,21.559999,21.760000,30032300
2024-05-20,21.770000,21.770000,21.219999,21.620001,35255300
2024-05-21,21.340000,21.450001,21.120001,21.240000,27954000
2024-05-22,21.230000,21.420000,21.080000,21.170000,25212500
2024-05-23,21.389999,21.520000,20.629999,20.719999,36887600
2024-05-24,20.719999,21.150000,20.650000,21.010000,22158700
2024-05-28,21.059999,21.219999,20.730000,21.049999,26274200
2024-05-29,20.770000,20.990000,20.639999,20.940001,24834200
2024-05-30,21.280001,21.959999,21.020000,21.730000,47210300
2024-05-31,21.790001,22.200001,21.309999,21.680000,44416100
2024-06-03,21.700001,21.790001,21.004999,21.320000,33876100
2024-06-04,21.049999,22.260000,21.040001,22.100000,41974000
2024-06-05,22.480000,22.980000,22.219999,22.959999,39825400
2024-06-06,22.980000,23.950001,22.980000,23.790001,60400400
2024-06-07,23.240000,23.570000,23.059999,23.309999,37149900
2024-06-10,22.750000,23.160000,22.660000,23.129999,31429200
2024-06-11,23.059999,23.950001,22.889999,23.850000,30601900
2024-06-12,24.200001,24.330000,23.570000,23.770000,38542700
2024-06-13,23.850000,24.139999,23.150000,23.270000,26035100
2024-06-14,23.150000,23.719999,22.840000,23.570000,26618300
2024-06-17,23.469999,25.059999,23.450001,25.020000,54101500
2024-06-18,25.150000,26.025000,24.830000,25.820000,54458600
2024-06-20,26.440001,26.570000,25.155001,25.559999,66735000
2024-06-21,24.709999,26.090000,23.530001,23.840000,68605900
2024-06-24,23.440001,24.386999,23.299999,24.160000,36477400
2024-06-25,24.160000,24.629999,23.920000,24.559999,29389400
2024-06-26,24.469999,24.660000,24.025000,24.100000,24331400
2024-06-27,24.100000,25.400000,24.049999,25.219999,37882900
2024-06-28,25.280001,25.570000,25.030001,25.330000,38886400
2024-07-01,25.480000,26.020000,25.142000,25.879999,33167900
2024-07-02,25.840000,26.430000,25.750000,25.830000,32148200
2024-07-03,25.959999,26.270000,25.760000,25.850000,18433800
2024-07-05,26.000000,27.250000,25.975000,27.230000,46703700
2024-07-08,27.930000,27.986000,26.840000,27.700001,59611200
2024-07-09,27.930000,28.379999,27.230000,27.389999,53067100
2024-07-10,27.500000,28.469999,27.370001,28.420000,43231000
2024-07-11,28.490000,28.590000,26.900000,27.639999,61546100
2024-07-12,27.320000,28.129999,27.280001,28.070000,30760300
2024-07-15,28.420000,29.299999,27.900000,28.670000,49186300
2024-07-16,28.180000,28.840000,27.469999,28.670000,59330700
2024-07-17,28.000000,28.870001,27.600000,28.219999,45203500
2024-07-18,28.420000,29.830000,28.150000,28.639999,76485600
2024-07-19,28.309999,29.600000,28.270000,28.580000,49581600
2024-07-22,28.930000,28.969999,27.690001,28.459999,38037800
2024-07-23,28.340000,29.190001,28.309999,28.809999,31134300
2024-07-24,28.440001,28.684999,26.580000,26.600000,49004100
2024-07-25,26.040001,27.288000,25.420000,26.629999,45474600
2024-07-26,27.000000,27.340000,26.770000,27.180000,27432200
2024-07-29,27.559999,27.799999,26.730000,27.080000,26038800
2024-07-30,27.250000,27.440001,25.889999,26.370001,31819900
2024-07-31,27.020000,27.389999,26.879999,26.889999,29111600
2024-08-01,27.020000,27.535000,25.830000,26.080000,31189600
2024-08-02,24.750000,24.870001,23.750000,24.740000,56092600
2024-08-05,21.740000,24.420000,21.230000,24.090000,88023500
2024-08-06,27.049999,27.420000,25.570000,26.590000,99622700
2024-08-07,27.070000,28.360001,26.240000,26.320000,75975400
2024-08-08,27.040001,29.375000,26.690001,29.280001,96892900
2024-08-09,29.280001,30.360001,29.100000,30.010000,88131100
2024-08-12,30.219999,31.200001,29.270000,29.379999,67890300
2024-08-13,29.789000,30.850000,29.559999,30.389999,57294200
2024-08-14,30.620001,31.370001,30.330000,31.000000,49885600
2024-08-15,31.309999,31.495001,30.830000,31.219999,43407600
2024-08-16,31.040001,32.750000,30.980000,32.080002,64870600
2024-08-19,32.419998,32.590000,31.813999,32.500000,52353600
2024-08-20,32.500000,32.720001,31.629999,32.320000,40783000
2024-08-21,32.320000,32.669998,31.969999,32.540001,38147600
2024-08-22,32.549999,33.125000,31.850000,31.920000,43522200
2024-08-23,31.990000,32.549999,31.622000,31.780001,34121200
2024-08-26,31.430000,31.740000,30.790001,30.850000,35283600
2024-08-27,30.549999,31.120001,30.379999,30.840000,23541300
2024-08-28,30.620001,30.799999,29.750000,30.360001,33961400
2024-08-29,30.650000,31.820000,30.483999,31.000000,39733000
2024-08-30,31.049999,31.500000,30.700001,31.480000,42388000
2024-09-03,31.350000,31.589001,30.165001,30.510000,34531600
2024-09-04,30.000000,30.850000,29.309999,30.590000,33419500
2024-09-05,30.240000,30.740000,30.010000,30.160000,24012300
2024-09-06,30.600000,31.040001,29.500000,30.330000,50946800
2024-09-09,32.700001,34.700001,32.470001,34.599998,140582500
2024-09-10,34.810001,35.200001,33.709999,34.759998,91721000
2024-09-11,34.009998,34.869999,33.619999,34.849998,68302300
2024-09-12,34.860001,35.400002,34.530998,34.910000,54291900
2024-09-13,34.970001,36.009998,34.889999,35.590000,49727200
2024-09-16,35.779999,36.919998,35.560001,36.310001,74767300
2024-09-17,37.000000,37.049999,35.869999,36.450001,64461800
2024-09-18,35.900002,37.110001,35.870998,36.380001,66279800
2024-09-19,37.000000,37.349998,36.200001,36.830002,59882000
2024-09-20,36.009998,37.290001,35.709999,37.200001,450290500
2024-09-23,36.860001,38.189999,36.570000,37.950001,79460700
2024-09-24,37.970001,37.980000,36.430000,36.900002,79519200
2024-09-25,36.889999,37.180000,36.382999,37.119999,46511700
2024-09-26,37.259998,37.439999,36.599998,37.099998,48602000
2024-09-27,36.910000,37.470001,36.590000,36.840000,43219100
2024-09-30,36.580002,37.320000,36.150002,37.200001,42110200
2024-10-01,37.209999,37.560001,36.049999,36.459999,52858000
2024-10-02,36.299999,37.680000,36.145000,37.490002,34988900
2024-10-03,37.450001,39.290001,37.369999,39.240002,57196400
2024-10-04,39.650002,40.290001,39.400002,40.009998,62532500
2024-10-07,39.900002,40.150002,38.775002,38.889999,44124800
2024-10-08,39.290001,41.490002,39.014999,41.450001,62542900
2024-10-09,41.549999,43.340000,41.209999,43.130001,86404700
2024-10-10,42.919998,43.877998,42.410000,43.520000,62516300
2024-10-11,43.400002,44.380001,42.619999,43.509998,66206900
2024-10-14,43.720001,44.389999,43.279999,43.400002,41010900
2024-10-15,43.474998,43.680000,41.514999,42.430000,48297000
2024-10-16,42.400002,42.490002,40.360001,41.930000,59157900
2024-10-17,42.150002,42.700001,41.610001,42.000000,34028400
2024-10-18,42.014999,42.990002,41.650002,42.970001,33969000
2024-10-21,42.860001,43.400002,42.410000,42.700001,30719800
2024-10-22,42.689999,43.490002,42.299999,42.939999,27830700
2024-10-23,42.849998,43.680000,42.055000,42.590000,35647000
2024-10-24,42.889999,43.730000,42.660000,43.560001,34079600
2024-10-25,43.849998,45.070000,43.645000,44.860001,50416500
2024-10-28,45.049999,45.139999,44.680000,44.970001,36729700
2024-10-29,44.900002,45.070000,44.040001,44.930000,26154700
2024-10-30,44.580002,44.799999,43.610001,43.689999,31309200
2024-10-31,42.790001,43.320000,40.900002,41.560001,50973400
2024-11-01,41.930000,42.570000,41.590000,41.919998,33722500
2024-11-04,41.080002,42.040001,41.032001,41.410000,75413300
2024-11-05,47.860001,51.575001,46.860001,51.130001,208868200
2024-11-06,53.439999,55.689999,51.610001,55.529999,114255900
2024-11-07,55.820000,56.470001,53.549999,55.880001,121591200
2024-11-08,55.570000,58.480000,55.299999,58.389999,84124000
2024-11-11,60.132999,62.080002,58.689999,60.240002,108357800
2024-11-12,59.009998,60.090000,58.570000,59.849998,59061300
2024-11-13,61.520000,63.389999,59.849998,60.700001,85937400
2024-11-14,61.049999,61.169998,58.529999,59.180000,59968200
2024-11-15,61.009998,66.000000,60.910000,65.769997,155280400
2024-11-18,64.919998,64.919998,58.849998,61.259998,136663100
2024-11-19,59.509998,63.009998,59.264999,62.980000,75557800
2024-11-20,62.590000,63.080002,59.959999,62.119999,59182200
2024-11-21,62.040001,63.400002,60.895000,61.360001,56336700
2024-11-22,61.599998,64.440002,61.369999,64.349998,61381700
2024-11-25,66.900002,67.879997,64.080002,64.650002,80640500
2024-11-26,64.570000,65.849998,63.889999,65.739998,46923600
2024-11-27,66.239998,67.559998,64.239998,66.050003,53839900
2024-11-29,65.889999,67.160004,65.470001,67.080002,30104000
2024-12-02,67.440002,67.879997,65.959999,66.389999,46405000
2024-12-03,66.410004,71.370003,66.150002,70.959999,100751400
2024-12-04,71.129997,71.180000,67.279999,69.849998,86284800
2024-12-05,70.110001,72.980003,69.889999,71.870003,66585800
2024-12-06,72.949997,76.820000,72.279999,76.339996,93640900
2024-12-09,80.580002,80.910004,71.050003,72.459999,168134800
2024-12-10,71.989998,75.559998,70.730003,70.889999,89672500
2024-12-11,72.980003,73.000000,68.070000,72.510002,89477700
2024-12-12,72.300003,75.379997,71.900002,73.199997,73859700
2024-12-13,73.489998,76.099998,72.449997,76.070000,76172800
2024-12-16,75.059998,77.820000,71.160004,75.750000,126099600
2024-12-17,73.279999,75.320000,71.699997,74.389999,75469400
2024-12-18,74.300003,77.599998,70.269997,71.510002,109643400
2024-12-19,73.989998,76.589996,73.370003,74.209999,99524300
2024-12-20,72.639999,80.660004,71.500000,80.550003,281230800
2024-12-23,80.650002,82.019997,77.410004,80.690002,93819500
2024-12-24,81.089996,84.796997,81.000000,82.379997,64983300
2024-12-26,83.160004,83.489998,81.300003,82.139999,60377100
2024-12-27,81.419998,82.000000,77.930000,79.080002,66975900
2024-12-30,77.040001,79.239998,76.110001,77.180000,60850900
2024-12-31,77.580002,77.980003,73.650002,75.629997,56267900
2025-01-02,76.199997,76.529999,72.419998,75.190002,72217200
2025-01-03,75.389999,79.980003,75.190002,79.889999,62415000
2025-01-06,78.690002,80.059998,74.610001,75.919998,105619500
2025-01-07,75.199997,75.389999,69.750000,69.989998,91727300
2025-01-08,68.120003,69.529999,66.510002,68.230003,91349500
2025-01-10,66.010002,68.199997,65.040001,67.260002,78148600
2025-01-13,64.290001,65.680000,63.400002,64.980003,69046300
2025-01-14,67.180000,68.230003,65.190002,65.910004,56814900
2025-01-15,68.550003,68.849998,67.080002,68.139999,56025800
2025-01-16,69.080002,71.430000,68.360001,69.239998,62908700
2025-01-17,70.900002,72.339996,69.949997,71.769997,54754000
2025-01-21,73.239998,73.636002,70.600998,73.070000,56229000
2025-01-22,74.500000,77.160004,73.800003,76.870003,66876400
2025-01-23,76.040001,79.000000,75.839996,78.980003,55937900
2025-01-24,79.050003,82.239998,78.440002,78.980003,77931900
2025-01-27,74.070000,76.720001,72.669998,75.440002,76093300
2025-01-28,75.540001,80.739998,74.040001,80.230003,65916700
2025-01-29,79.949997,80.820000,77.809998,79.760002,49262200
2025-01-30,80.019997,81.830002,79.379997,81.220001,46067500
2025-01-31,81.000000,85.220001,80.870003,82.489998,78731000
2025-02-03,80.125000,84.250000,78.470001,83.739998,126592700
2025-02-04,102.800003,106.910004,100.510002,103.830002,230806800
2025-02-05,101.779999,103.570000,99.320000,101.360001,90628300
2025-02-06,101.089996,111.544998,100.260002,111.279999,128217500
2025-02-07,111.660004,116.300003,110.449997,110.849998,143795400
2025-02-10,112.029999,116.760002,108.720001,116.650002,99938100
2025-02-11,116.500000,118.660004,112.099998,112.620003,94311700
2025-02-12,110.290001,117.589996,110.000000,117.389999,75316900
2025-02-13,117.309998,118.389999,115.150002,117.910004,60027000
2025-02-14,117.900002,120.669998,116.800003,119.160004,65528900
2025-02-18,120.940002,125.000000,118.430000,124.620003,84227200
2025-02-19,123.860001,125.410004,108.559998,112.059998,147487300
2025-02-20,102.910004,107.400002,95.800003,106.269997,243093900
2025-02-21,107.680000,109.070000,100.000000,101.349998,129063200
2025-02-24,95.879997,99.010002,89.300003,90.680000,184485000
2025-02-25,90.650002,91.699997,85.250000,87.839996,132626300
2025-02-26,89.160004,91.690002,87.589996,89.309998,94428700
2025-02-27,91.910004,93.620003,84.169998,84.769997,99680500
2025-02-28,79.980003,85.180000,78.580002,84.919998,125977400
2025-03-03,88.550003,90.480003,82.529999,83.419998,114573900
2025-03-04,80.160004,88.500000,79.300003,84.400002,116800300
2025-03-05,86.349998,90.300003,82.500000,90.129997,116053000
2025-03-06,87.504997,88.339996,80.010002,80.459999,117340600
2025-03-07,80.025002,85.160004,79.150002,84.910004,105377100
2025-03-10,82.000000,82.690002,74.570000,76.379997,136843800
2025-03-11,75.785004,80.745003,75.529999,78.050003,109351500
2025-03-12,83.480003,84.550003,79.860001,83.650002,116525100
2025-03-13,82.845001,83.739998,78.320000,79.620003,100927200
2025-03-14,82.970001,87.269997,82.160004,86.239998,113985000
2025-03-17,88.440002,88.820000,84.500000,87.349998,99348900
2025-03-18,85.779999,86.169998,81.800003,83.889999,93236500
2025-03-19,84.550003,87.989998,82.860001,86.099998,89797400
2025-03-20,85.540001,89.800003,85.120003,87.389999,105547400
2025-03-21,85.849998,91.070000,84.459999,90.959999,116748700
2025-03-24,93.400002,97.389999,92.279999,96.750000,112164700
2025-03-25,97.220001,98.169998,95.080002,96.500000,78015300
2025-03-26,96.290001,97.300003,90.820000,92.279999,81428600
2025-03-27,91.014999,93.650002,89.669998,90.089996,82823000
2025-03-28,89.339996,89.379997,84.099998,85.849998,91091700
2025-03-31,80.000000,84.650002,78.750000,84.400002,108092900
2025-04-01,83.889999,85.279999,81.820000,84.680000,78980700
2025-04-02,82.400002,88.404999,82.300003,87.449997,96563100
2025-04-03,81.250000,85.680000,81.010002,83.599998,93878200
2025-04-04,80.070000,80.980003,71.930000,74.010002,147323200
2025-04-07,66.650002,81.800003,66.120003,77.839996,169083700
2025-04-08,83.290001,86.113998,75.220001,77.320000,135345600
2025-04-09,78.190002,93.330002,77.269997,92.010002,187244300
2025-04-10,88.400002,90.779999,84.139999,88.589996,124448200
2025-04-11,87.980003,89.550003,85.470001,88.550003,95130700
2025-04-14,95.800003,97.330002,91.459999,92.620003,122836900
2025-04-15,93.529999,98.989998,93.050003,98.400002,118457700
2025-04-16,96.279999,97.300003,89.620003,92.709999,121997600
2025-04-17,94.709999,95.110001,92.269997,93.779999,83991800
2025-04-21,92.839996,96.474998,89.309998,90.800003,83831100
2025-04-22,93.014999,96.339996,91.349998,93.989998,91185400
2025-04-23,98.860001,103.760002,97.830002,100.820000,112909500
2025-04-24,101.529999,108.000000,100.910004,107.779999,103190700
2025-04-25,108.050003,112.879997,106.550003,112.779999,103933800
2025-04-28,113.779999,114.860001,108.870003,114.650002,111082900
2025-04-29,113.980003,117.230003,113.239998,116.080002,79709000
2025-04-30,111.610001,118.779999,110.540001,118.440002,109461700
2025-05-01,120.040001,120.190002,116.000000,116.199997,90677600
2025-05-02,118.660004,124.419998,118.629997,124.279999,103094300
2025-05-05,123.699997,125.254997,121.360001,123.769997,135961300
2025-05-06,112.709999,113.910004,105.320000,108.860001,201193400
2025-05-07,107.970001,111.849998,107.000000,110.480003,95428800
2025-05-08,112.279999,120.379997,112.070000,119.150002,126966200
2025-05-09,118.970001,119.160004,114.900002,117.300003,81005300
2025-05-12,120.779999,120.934998,115.010002,118.459999,94257300
2025-05-13,119.919998,130.600006,119.309998,128.100006,147155400
2025-05-14,129.009995,133.490005,127.558998,130.179993,96611500
2025-05-15,128.369995,130.199997,125.739998,128.119995,69503000
2025-05-16,129.229996,130.330002,126.760002,129.520004,57003700
2025-05-19,124.714996,127.769997,124.320000,126.330002,72503900
2025-05-20,127.220001,128.199997,124.650002,125.589996,61265300
2025-05-21,125.160004,127.110001,119.410004,120.580002,80657700
2025-05-22,121.949997,126.330002,121.375000,122.290001,75498300
2025-05-23,120.879997,125.540001,120.680000,123.309998,65905800
2025-05-27,126.820000,127.879997,120.879997,123.389999,86455200
2025-05-28,124.230003,125.650002,122.910004,123.760002,64866000
2025-05-29,125.349998,126.470001,121.529999,122.320000,62929100
2025-05-30,123.529999,131.940002,122.750000,131.779999,185897600
2025-06-02,131.434998,134.479996,128.860001,132.039993,93218700
2025-06-03,133.070007,135.279999,130.100006,133.169998,91297700
2025-06-04,132.800003,132.949997,125.580002,130.009995,97306300
2025-06-05,129.270004,132.850006,118.930000,119.910004,131055900
2025-06-06,123.730003,128.130005,121.919998,127.720001,87175100
2025-06-09,127.074997,132.229996,124.800003,132.059998,74785600
2025-06-10,131.020004,134.070007,129.410004,132.809998,69308900
2025-06-11,133.919998,140.000000,132.990005,136.389999,97366000
2025-06-12,136.399994,137.100006,134.630005,135.190002,56248200
2025-06-13,133.815002,139.990005,133.350006,137.399994,93519000
2025-06-16,140.029999,144.860001,139.811996,141.410004,80779800
2025-06-17,141.485001,141.690002,136.080002,138.199997,70479100
2025-06-18,139.039993,140.360001,137.490005,139.960007,58260200
2025-06-20,140.690002,142.240005,136.742004,137.300003,87067000
2025-06-23,138.899994,142.149994,135.960007,139.919998,70501100
2025-06-24,140.979996,143.660004,137.800003,143.229996,58574200
2025-06-25,144.490005,147.669998,141.529999,142.899994,61435300
2025-06-26,144.850006,148.214996,142.910004,144.250000,69440500
2025-06-27,144.869995,144.970001,130.539993,130.740005,202598600
2025-06-30,137.789993,138.875000,134.800003,136.320007,97305600
2025-07-01,135.270004,136.320007,128.509995,130.679993,91479700
2025-07-02,131.470001,133.600006,130.190002,132.119995,59732000
2025-07-03,134.360001,135.619995,132.509995,134.360001,41812500
2025-07-07,134.380005,139.289993,132.320007,139.119995,71959700
2025-07-08,138.774994,139.854996,135.789993,139.710007,59834800
2025-07-09,139.654999,143.169998,137.389999,143.130005,68494800
2025-07-10,143.309998,145.160004,139.529999,142.500000,64383900
2025-07-11,142.110001,144.580002,141.470001,142.100006,52134800
2025-07-14,142.720001,149.574997,142.220001,149.149994,81774400
2025-07-15,148.929993,150.619995,147.360001,148.580002,59126200
2025-07-16,149.300003,151.509995,147.673996,150.910004,57550300
2025-07-17,151.559998,155.679993,150.820007,153.990005,60165500
2025-07-18,154.860001,154.919998,151.899994,153.520004,45771600
2025-07-21,153.880005,155.440002,151.360001,151.789993,45072800
2025-07-22,150.850006,151.789993,145.061996,149.070007,49880800
2025-07-23,149.740005,155.000000,148.287003,154.630005,48062000
2025-07-24,153.979996,155.630005,152.574997,154.860001,38925700
2025-07-25,155.630005,160.389999,155.580002,158.800003,57972300
2025-07-28,159.880005,160.279999,153.039993,157.880005,63886900
2025-07-29,158.714996,160.139999,154.910004,156.240005,42427200
2025-07-30,157.365005,159.380005,156.559998,158.610001,40261700
2025-07-31,159.990005,160.889999,156.729996,158.350006,45342600
2025-08-01,155.050003,158.190002,151.057999,154.270004,61287000
2025-08-04,158.529999,161.399994,157.929993,160.660004,82993600
2025-08-05,171.809998,176.330002,169.220001,173.270004,130917500
2025-08-06,171.175003,180.580994,171.009995,179.539993,82924800
2025-08-07,181.009995,184.479996,178.169998,182.199997,77829200
2025-08-08,184.735001,187.990005,184.410004,186.960007,62657900
2025-08-11,186.470001,187.179993,181.919998,182.679993,56125600
2025-08-12,184.699997,190.000000,182.100006,186.970001,54819000
2025-08-13,189.000000,189.460007,183.589996,184.369995,53610000
2025-08-14,182.410004,185.330002,179.199997,181.020004,53472900
2025-08-15,179.725006,180.000000,173.380005,177.169998,60288700
2025-08-18,175.270004,177.899994,171.389999,174.029999,62656600
2025-08-19,171.360001,172.300003,156.899994,157.750000,137922700
2025-08-20,152.300003,156.460007,142.339996,156.009995,220336400
2025-08-21,157.169998,157.970001,153.809998,156.179993,94678600
2025-08-22,155.315002,163.199997,151.770004,158.740005,102099200
2025-08-25,156.100006,158.589996,149.369995,157.169998,86879800
2025-08-26,155.389999,162.130005,154.570007,160.869995,86573700
2025-08-27,162.320007,162.399994,155.979996,156.720001,76380600
2025-08-28,157.630005,158.229996,152.550003,158.119995,57885200
2025-08-29,156.979996,158.419998,153.000000,156.710007,45270500
2025-09-02,151.199997,158.389999,150.279999,157.089996,65435000
2025-09-03,158.000000,161.149994,152.710007,154.899994,66052300
2025-09-04,154.865005,157.039993,153.160004,156.139999,53292300
2025-09-05,157.820007,158.970001,148.039993,153.110001,81855900
2025-09-08,154.910004,158.300003,154.839996,156.100006,47643000
2025-09-09,157.250000,162.750000,156.369995,162.360001,61359500
2025-09-10,166.000000,169.000000,163.440002,166.740005,62211400
2025-09-11,167.240005,167.457993,163.220001,164.360001,42025500
2025-09-12,165.350006,171.529999,164.009995,171.429993,54498500
2025-09-15,169.600006,171.800003,167.410004,171.210007,45396100
2025-09-16,171.039993,171.309998,168.960007,170.259995,34598700
2025-09-17,169.020004,169.679993,161.270004,168.330002,69255500
2025-09-18,170.270004,178.800003,169.389999,176.970001,70768600
2025-09-19,177.070007,184.419998,176.710007,182.389999,109129900
2025-09-22,180.880005,182.250000,178.289993,179.330002,45916700
2025-09-23,182.509995,185.750000,177.009995,182.550003,62354800
2025-09-24,183.910004,184.850006,177.119995,179.559998,45379700
2025-09-25,175.800003,184.320007,174.289993,179.119995,72321200
2025-09-26,179.050003,180.119995,174.910004,177.570007,44275800
2025-09-29,179.639999,181.479996,177.160004,178.860001,38413800
2025-09-30,178.979996,182.770004,178.220001,182.419998,43561700
2025-10-01,181.320007,186.279999,179.500000,184.949997,45717300
2025-10-02,186.699997,188.199997,182.949997,187.050003,39849200
2025-10-03,186.399994,186.839996,170.770004,173.070007,105533400
2025-10-06,179.179993,182.949997,177.830002,179.529999,52504200
2025-10-07,180.309998,186.179993,179.419998,182.169998,58179300
2025-10-08,182.800003,184.259995,181.199997,183.559998,36299700
2025-10-09,183.580002,187.619995,179.949997,185.470001,45050300
2025-10-10,185.169998,187.100006,173.529999,175.440002,55194000
2025-10-13,178.679993,179.220001,173.449997,177.210007,41332400
2025-10-14,176.000000,182.339996,170.820007,179.740005,49261400
2025-10-15,181.654999,184.350006,176.020004,179.619995,37372100
2025-10-16,181.779999,184.820007,176.449997,178.119995,42870900
2025-10-17,177.750000,181.589996,173.949997,178.149994,43421500
2025-10-20,179.490005,183.089996,177.440002,181.589996,31975800
2025-10-21,182.059998,182.389008,178.649994,181.509995,27528100
2025-10-22,181.929993,182.210007,169.419998,175.490005,58263100
2025-10-23,175.445007,181.559998,175.009995,180.479996,35812300
2025-10-24,182.880005,186.169998,182.850006,184.630005,34813500
2025-10-27,188.970001,192.830002,187.520004,189.179993,47153100
2025-10-28,189.479996,191.779999,186.779999,189.600006,38201000
2025-10-29,191.080002,199.850006,190.490005,198.809998,65537300
2025-10-30,198.425003,199.669998,194.119995,194.550003,43541700
2025-10-31,199.199997,204.179993,197.919998,200.470001,52697600
2025-11-03,205.044998,207.520004,201.820007,207.179993,81016800
2025-11-04,192.070007,195.699997,185.559998,190.740005,121380900
2025-11-05,189.000000,190.320007,181.210007,187.899994,76121000
2025-11-06,187.990005,191.089996,174.529999,175.050003,78468600
2025-11-07,173.149994,178.699997,168.910004,177.929993,73989700
2025-11-10,184.309998,194.929993,183.520004,193.610001,87764200
2025-11-11,190.335007,192.925003,187.130005,190.960007,49819700
2025-11-12,190.580002,190.580002,180.399994,184.169998,55347100
2025-11-13,181.714996,182.699997,170.731003,172.139999,63188800
2025-11-14,166.975006,177.289993,164.500000,174.009995,62596800
2025-11-17,170.529999,174.240005,167.679993,171.250000,50339000
2025-11-18,168.369995,172.830002,165.500000,167.330002,53710100
2025-11-19,167.800003,169.600006,162.419998,165.419998,46108200
2025-11-20,172.070007,174.570007,154.395004,155.744995,78443900
2025-11-21,156.009995,158.110001,147.559998,154.850006,71346400
2025-11-24,157.470001,165.169998,157.000000,162.250000,57877800
2025-11-25,160.070007,164.649994,156.554993,163.550003,36523500
2025-11-26,166.850006,168.339005,163.880005,165.770004,34610500
2025-11-28,167.759995,168.800003,165.875000,168.449997,17199500
2025-12-01,165.000000,169.100006,163.119995,167.490005,27779600
2025-12-02,169.589996,175.750000,169.589996,170.690002,35368000
2025-12-03,170.139999,177.910004,168.830002,176.080002,30541600
2025-12-04,176.365005,178.440002,174.429993,177.919998,29217800
2025-12-05,178.229996,182.153000,177.160004,181.759995,32079300
2025-12-08,182.210007,183.880005,179.539993,181.490005,30456700
2025-12-09,180.970001,182.850006,180.380005,181.839996,18937600
2025-12-10,184.949997,190.389999,182.750000,187.910004,59398000
2025-12-11,184.800003,188.050003,180.210007,187.539993,36843200
2025-12-12,185.809998,186.524994,177.667007,183.570007,42427400
2025-12-15,185.080002,187.779999,180.029999,183.250000,32796100
2025-12-16,181.654999,188.500000,181.141998,187.750000,42070300
2025-12-17,187.714996,187.750000,176.500000,177.289993,50424700
2025-12-18,181.509995,187.330002,181.509995,185.690002,40221500
2025-12-19,186.740005,195.000000,186.729996,193.380005,76929400
2025-12-22,195.039993,198.880005,192.429993,193.979996,36686000
2025-12-23,192.824997,195.369995,191.735001,194.130005,24041000
2025-12-24,193.160004,195.169998,192.830002,194.169998,11710100
2025-12-26,195.014999,196.350006,188.619995,188.710007,26262000
2025-12-29,186.850006,187.199997,183.639999,184.179993,28242000
2025-12-30,184.350006,184.729004,180.699997,180.839996,23336300
2025-12-31,181.130005,181.529999,177.250000,177.750000,22997400
2026-01-02,181.300003,181.350006,166.350006,167.860001,60634100
2026-01-05,174.880005,175.820007,171.789993,174.039993,39511700
2026-01-06,175.759995,180.190002,174.770004,179.710007,34838600
2026-01-07,179.800003,187.279999,177.660004,181.679993,45349000
2026-01-08,185.615005,185.660004,174.369995,176.860001,47304300
2026-01-09,177.020004,178.720001,174.750000,177.490005,31362900
2026-01-12,177.684998,182.500000,176.339996,179.410004,34954500
2026-01-13,178.875000,181.100006,176.139999,178.960007,27769400
2026-01-14,178.125000,181.598007,173.949997,178.399994,33651400
2026-01-15,178.710007,180.600006,176.529999,177.070007,31109200
2026-01-16,179.360001,182.429993,170.009995,170.960007,59483600
2026-01-20,167.625000,171.970001,166.240005,168.529999,36708500
2026-01-21,168.401993,169.490005,161.110001,165.330002,47851200
2026-01-22,168.925003,169.000000,164.949997,165.899994,28499500
2026-01-23,167.270004,172.000000,166.300003,169.600006,30285700
2026-01-26,168.210007,170.589996,167.324997,167.470001,22777200
2026-01-27,167.479996,169.440002,164.690002,165.699997,26542300
2026-01-28,164.399994,165.044998,157.240005,157.350006,44822800
2026-01-29,157.630005,157.630005,147.119995,151.860001,59846800
2026-01-30,150.050003,151.000000,145.139008,146.589996,47271000
2026-02-02,150.940002,151.399994,146.654007,147.759995,72811100
2026-02-03,165.050003,165.078003,153.119995,157.880005,113169200
2026-02-04,155.410004,155.850006,135.679993,139.539993,113199500
2026-02-05,136.820007,137.979996,128.320007,130.009995,93690800
2026-02-06,135.330002,137.686996,132.350006,135.899994,62661400
2026-02-09,136.580002,145.869995,134.776001,142.910004,58042500
2026-02-10,144.964996,145.559998,137.770004,139.509995,56061300
2026-02-11,139.024994,139.250000,132.949997,135.679993,52796100
2026-02-12,135.360001,135.889999,126.559998,129.130005,74090600
2026-02-13,127.900002,133.559998,126.233002,131.410004,49438100
2026-02-17,128.895004,134.320007,127.290001,133.020004,48407100
2026-02-18,135.889999,140.962997,134.869995,135.380005,59677100
2026-02-19,132.309998,136.160004,131.009995,134.889999,42197200
2026-02-20,132.365005,136.210007,131.169998,135.240005,53726800
2026-02-23,132.039993,132.039993,127.389999,130.600006,52512200
2026-02-24,129.005005,130.240005,126.370003,128.839996,47121400
2026-02-25,130.610001,136.089996,129.179993,134.190002,53078300
2026-02-26,133.845001,137.509995,132.630005,135.940002,45100000
2026-02-27,134.070007,138.100006,133.979996,137.190002,59412400
2026-03-02,140.774994,147.139999,140.520004,145.169998,72683900
2026-03-03,142.100006,147.500000,138.199997,147.220001,67460200
2026-03-04,148.429993,154.520004,148.059998,153.190002,60062200
2026-03-05,152.940002,156.380005,149.610001,152.669998,50714500
2026-03-06,150.440002,161.449997,150.289993,157.160004,74980900
2026-03-09,155.690002,158.440002,152.970001,156.429993,47574200
2026-03-10,155.990005,156.656998,150.139999,151.139999,47501400
2026-03-11,151.380005,153.169006,149.330002,151.600006,33955900
2026-03-12,153.009995,155.880005,150.979996,153.500000,54409800
2026-03-13,153.300003,154.559998,148.580002,150.949997,42460600
2026-03-16,152.449997,153.860001,151.169998,152.720001,32898900
2026-03-17,152.404999,156.750000,152.119995,155.080002,37118500
2026-03-18,154.945007,156.690002,152.610001,152.770004,32476700
2026-03-19,153.100006,156.149994,150.500000,155.679993,33915900
2026-03-20,155.199997,156.649994,149.089996,150.679993,48700200
2026-03-23,153.240005,161.080002,153.240005,160.839996,57507100
2026-03-24,160.070007,162.399994,151.639999,154.779999,56155700
2026-03-25,157.419998,160.270004,154.854996,154.960007,38543300
2026-03-26,153.054993,153.119995,147.250000,147.559998,43038400
2026-03-27,145.880005,145.960007,141.559998,143.059998,35790800
2026-03-30,143.270004,144.119995,136.300003,137.550003,41289800
2026-03-31,140.020004,147.860001,138.970001,146.279999,45558600
2026-04-01,147.000000,148.300003,144.470001,146.490005,34171000
2026-04-02,143.485001,148.509995,137.990005,148.460007,30437000
2026-04-06,148.360001,150.610001,146.630997,147.929993,25142200
2026-04-07,146.882004,150.270004,144.449997,150.070007,28671100
2026-04-08,154.764999,156.279999,139.169998,140.759995,64827700
2026-04-09,139.395004,139.539993,128.470001,130.490005,92361400
2026-04-10,128.479996,129.199997,122.680000,128.059998,116656800
2026-04-13,130.229996,134.419998,129.149994,132.369995,65772800
2026-04-14,134.427002,138.070007,134.000000,135.699997,52786800
2026-04-15,136.789993,142.580002,134.929993,142.149994,48389400
2026-04-16,144.289993,145.550003,139.529999,142.759995,43746000
2026-04-17,145.315002,148.279999,143.300003,146.389999,50657600
2026-04-20,145.000000,147.199997,143.830002,145.889999,33482700
2026-04-21,146.809998,149.869995,143.998993,145.970001,44830000
2026-04-22,148.360001,152.679993,147.410004,152.619995,43701500
2026-04-23,149.699997,150.289993,139.919998,141.570007,58654400
2026-04-24,142.960007,143.330002,138.929993,143.089996,38677200
2026-04-27,141.250000,145.070007,141.009995,143.100006,31275400
2026-04-28,142.300003,143.850006,140.419998,141.179993,24757200
2026-04-29,139.759995,139.759995,134.679993,137.970001,33348100
2026-04-30,138.475006,140.199997,136.649994,139.110001,32523600
2026-05-01,143.250000,146.440002,141.389999,144.070007,33219900
2026-05-04,147.750000,149.639999,145.225006,146.029999,70525900
2026-05-05,140.294998,142.979996,134.720001,135.910004,89747100
2026-05-06,133.710007,135.699997,131.149994,133.789993,55524800
2026-05-07,135.100006,140.949997,134.779999,137.050003,50184900
2026-05-08,135.865005,137.880005,133.020004,137.800003,41745400
2026-05-11,134.910004,137.139999,132.770996,136.889999,41414500
2026-05-12,136.600006,137.429993,133.460007,136.000000,38781100
2026-05-13,134.005997,136.990005,128.750000,130.050003,55189400
2026-05-14,129.649994,134.479996,129.449997,133.729996,37052600
2026-05-15,132.800003,135.639999,132.289993,133.990005,32629700
2026-05-18,132.500000,135.934998,131.330002,135.139999,32034600
2026-05-19,135.169998,137.470001,133.600006,135.259995,29777300
2026-05-20,134.145004,137.240005,132.419998,137.149994,31307700
2026-05-21,135.800003,138.550003,135.419998,137.414993,24311900
2026-05-22,137.425003,139.020004,134.300003,136.880005,27578000
2026-05-26,136.160004,138.679993,133.300003,136.600006,31723900
2026-05-27,133.300003,135.729996,131.630005,132.509995,34159800
2026-05-28,133.160004,145.000000,133.000000,143.339996,52085200
2026-05-29,147.824997,157.779007,145.789993,156.539993,92196600
2026-06-01,159.979996,163.699997,155.880005,160.649994,57654000
2026-06-02,156.690002,159.550003,149.800003,152.169998,43163100
2026-06-03,149.699997,151.679993,141.250000,142.199997,41072500
2026-06-04,145.460007,146.369995,140.272003,141.699997,40834000
2026-06-05,140.324997,141.970001,134.024994,135.529999,38108100
